,raw_loss_history,loss_history,rmse_train_history,rmse_val_history,std_train_history,std_val_history
0,190.85484313964844,500.6724548339844,6.795027,6.0692735,6.0692735,4.9296355
1,337.4604797363281,7.002692222595215,4.1450977,4.0406647,4.0406647,3.936733
2,170.2728271484375,3.4000182151794434,1.8281574,1.2960192,1.2960192,1.2948064
3,220.86708068847656,0.13251404464244843,1.3265666,1.2739236,1.2739236,0.87561613
4,256.9364929199219,,,,,
5,163.72509765625,,,,,
6,182.30360412597656,,,,,
7,41.59203338623047,,,,,
8,146.0320281982422,,,,,
9,32.6618766784668,,,,,
10,14.338761329650879,,,,,
11,296.0903625488281,,,,,
12,47.91200256347656,,,,,
13,26.442882537841797,,,,,
14,44.4396858215332,,,,,
15,192.433837890625,,,,,
16,68.466796875,,,,,
17,199.79107666015625,,,,,
18,87.60033416748047,,,,,
19,10.100199699401855,,,,,
20,36.230953216552734,,,,,
21,24.189119338989258,,,,,
22,55.62053298950195,,,,,
23,13.778092384338379,,,,,
24,43.90725326538086,,,,,
25,17.075836181640625,,,,,
26,19.120399475097656,,,,,
27,8.517038345336914,,,,,
28,11.415690422058105,,,,,
29,4.521119594573975,,,,,
30,223.990478515625,,,,,
31,123.80099487304688,,,,,
32,23.579578399658203,,,,,
33,12.5740966796875,,,,,
34,18.786361694335938,,,,,
35,17.730022430419922,,,,,
36,96.72628784179688,,,,,
37,188.8189697265625,,,,,
38,221.20582580566406,,,,,
39,10.430648803710938,,,,,
40,32.71123123168945,,,,,
41,30.43751335144043,,,,,
42,66.20901489257812,,,,,
43,29.123750686645508,,,,,
44,57.498992919921875,,,,,
45,42.04472732543945,,,,,
46,53.510868072509766,,,,,
47,68.29013061523438,,,,,
48,32.79619598388672,,,,,
49,112.40412902832031,,,,,
50,131.58935546875,,,,,
51,25.355342864990234,,,,,
52,35.53121566772461,,,,,
53,27.501909255981445,,,,,
54,28.61651611328125,,,,,
55,22.426843643188477,,,,,
56,256.99322509765625,,,,,
57,29.988113403320312,,,,,
58,57.08614730834961,,,,,
59,56.21465301513672,,,,,
60,54.83871841430664,,,,,
61,9.223520278930664,,,,,
62,5.123146057128906,,,,,
63,7.188713073730469,,,,,
64,60.410152435302734,,,,,
65,9.350898742675781,,,,,
66,12.385612487792969,,,,,
67,24.800195693969727,,,,,
68,14.719240188598633,,,,,
69,5.921577453613281,,,,,
70,9.141008377075195,,,,,
71,9.656330108642578,,,,,
72,13.44363784790039,,,,,
73,26.65802764892578,,,,,
74,27.747934341430664,,,,,
75,47.987579345703125,,,,,
76,15.576183319091797,,,,,
77,59.580535888671875,,,,,
78,22.78160858154297,,,,,
79,13.86393928527832,,,,,
80,11.091072082519531,,,,,
81,17.492481231689453,,,,,
82,1.788961410522461,,,,,
83,15.193343162536621,,,,,
84,36.19694519042969,,,,,
85,30.595094680786133,,,,,
86,0.679602324962616,,,,,
87,15.38362979888916,,,,,
88,15.297264099121094,,,,,
89,11.62138843536377,,,,,
90,80.43828582763672,,,,,
91,153.00733947753906,,,,,
92,8.74966049194336,,,,,
93,6.853790283203125,,,,,
94,12.717559814453125,,,,,
95,6.057013988494873,,,,,
96,10.008061408996582,,,,,
97,80.90178680419922,,,,,
98,33.178184509277344,,,,,
99,36.098541259765625,,,,,
100,140.57411193847656,,,,,
101,11.106049537658691,,,,,
102,12.4158296585083,,,,,
103,7.297169208526611,,,,,
104,12.83691120147705,,,,,
105,1.8312463760375977,,,,,
106,1.4239976406097412,,,,,
107,10.022781372070312,,,,,
108,0.9822267889976501,,,,,
109,6.270644664764404,,,,,
110,58.85235595703125,,,,,
111,44.96399688720703,,,,,
112,3.811986207962036,,,,,
113,27.922794342041016,,,,,
114,2.0341339111328125,,,,,
115,74.67293548583984,,,,,
116,5.092987537384033,,,,,
117,24.421676635742188,,,,,
118,15.458475112915039,,,,,
119,4.304011344909668,,,,,
120,33.75838088989258,,,,,
121,2.7999110221862793,,,,,
122,24.09099006652832,,,,,
123,6.122885227203369,,,,,
124,41.080753326416016,,,,,
125,3.6150050163269043,,,,,
126,37.51078414916992,,,,,
127,2.882662296295166,,,,,
128,28.5184383392334,,,,,
129,9.263335227966309,,,,,
130,10.184633255004883,,,,,
131,15.60943603515625,,,,,
132,4.030365467071533,,,,,
133,6.054760932922363,,,,,
134,1.3630175590515137,,,,,
135,10.158587455749512,,,,,
136,7.5334882736206055,,,,,
137,11.526126861572266,,,,,
138,8.135682106018066,,,,,
139,23.770191192626953,,,,,
140,1.2695481777191162,,,,,
141,9.252633094787598,,,,,
142,2.655334711074829,,,,,
143,18.047128677368164,,,,,
144,10.63300895690918,,,,,
145,8.287355422973633,,,,,
146,3.7072057723999023,,,,,
147,9.964970588684082,,,,,
148,6.54825496673584,,,,,
149,11.314706802368164,,,,,
150,4.510913372039795,,,,,
151,55.25058364868164,,,,,
152,1.275412917137146,,,,,
153,45.8681640625,,,,,
154,9.800891876220703,,,,,
155,3.0086021423339844,,,,,
156,6.844967842102051,,,,,
157,8.050725936889648,,,,,
158,26.382427215576172,,,,,
159,3.755880117416382,,,,,
160,10.336085319519043,,,,,
161,16.6502628326416,,,,,
162,2.8880691528320312,,,,,
163,4.22714376449585,,,,,
164,12.000261306762695,,,,,
165,6.086515426635742,,,,,
166,7.060127258300781,,,,,
167,3.195329427719116,,,,,
168,28.236557006835938,,,,,
169,2.6798102855682373,,,,,
170,23.715940475463867,,,,,
171,16.471572875976562,,,,,
172,4.95170783996582,,,,,
173,13.01211166381836,,,,,
174,11.140646934509277,,,,,
175,9.175814628601074,,,,,
176,6.46223783493042,,,,,
177,15.685062408447266,,,,,
178,1.9152709245681763,,,,,
179,1.7750433683395386,,,,,
180,14.902695655822754,,,,,
181,12.648170471191406,,,,,
182,1.7759227752685547,,,,,
183,11.187370300292969,,,,,
184,5.620965480804443,,,,,
185,1.197021722793579,,,,,
186,10.958867073059082,,,,,
187,3.1456124782562256,,,,,
188,2.247105360031128,,,,,
189,8.46528434753418,,,,,
190,2.081188678741455,,,,,
191,1.9099262952804565,,,,,
192,3.071709394454956,,,,,
193,4.037277698516846,,,,,
194,8.290822982788086,,,,,
195,22.167173385620117,,,,,
196,3.8210792541503906,,,,,
197,15.768162727355957,,,,,
198,0.6035348773002625,,,,,
199,10.268710136413574,,,,,
200,0.42219653725624084,,,,,
201,2.436976432800293,,,,,
202,3.4579780101776123,,,,,
203,1.7157171964645386,,,,,
204,2.2830371856689453,,,,,
205,13.992029190063477,,,,,
206,1.2877148389816284,,,,,
207,3.6739814281463623,,,,,
208,37.19083786010742,,,,,
209,21.532848358154297,,,,,
210,1.2840183973312378,,,,,
211,0.9759716987609863,,,,,
212,2.2057690620422363,,,,,
213,1.6329798698425293,,,,,
214,1.5878174304962158,,,,,
215,0.41144394874572754,,,,,
216,1.9623048305511475,,,,,
217,1.6236943006515503,,,,,
218,5.479687690734863,,,,,
219,1.0264508724212646,,,,,
220,0.8658298850059509,,,,,
221,1.766008973121643,,,,,
222,1.3230512142181396,,,,,
223,6.550693511962891,,,,,
224,2.5881104469299316,,,,,
225,2.0719571113586426,,,,,
226,0.8956900835037231,,,,,
227,3.436650037765503,,,,,
228,3.499485969543457,,,,,
229,2.5454792976379395,,,,,
230,2.12287974357605,,,,,
231,0.942092776298523,,,,,
232,0.9817101359367371,,,,,
233,1.2246910333633423,,,,,
234,9.303685188293457,,,,,
235,0.6461089849472046,,,,,
236,3.9022912979125977,,,,,
237,1.617775321006775,,,,,
238,3.337599992752075,,,,,
239,1.8176671266555786,,,,,
240,6.275759220123291,,,,,
241,1.7088674306869507,,,,,
242,1.122819185256958,,,,,
243,2.0436453819274902,,,,,
244,3.0990610122680664,,,,,
245,2.9025533199310303,,,,,
246,1.1271926164627075,,,,,
247,3.044588088989258,,,,,
248,0.9935297966003418,,,,,
249,4.438395977020264,,,,,
250,3.1437926292419434,,,,,
251,7.009327411651611,,,,,
252,1.3841460943222046,,,,,
253,7.869992256164551,,,,,
254,5.330636978149414,,,,,
255,4.779677867889404,,,,,
256,1.8299387693405151,,,,,
257,4.0348052978515625,,,,,
258,1.2091119289398193,,,,,
259,10.860508918762207,,,,,
260,5.2036662101745605,,,,,
261,4.649726867675781,,,,,
262,2.1713054180145264,,,,,
263,2.12032151222229,,,,,
264,2.400545835494995,,,,,
265,2.6243858337402344,,,,,
266,2.03591251373291,,,,,
267,2.8620777130126953,,,,,
268,3.0635180473327637,,,,,
269,5.844067096710205,,,,,
270,1.6714061498641968,,,,,
271,0.3757866621017456,,,,,
272,5.658607006072998,,,,,
273,3.010453462600708,,,,,
274,0.7902790307998657,,,,,
275,3.0493388175964355,,,,,
276,5.421429634094238,,,,,
277,6.460360050201416,,,,,
278,2.956148862838745,,,,,
279,1.7275882959365845,,,,,
280,2.0802438259124756,,,,,
281,0.46728336811065674,,,,,
282,3.1721816062927246,,,,,
283,1.0132505893707275,,,,,
284,7.291637420654297,,,,,
285,0.5338183045387268,,,,,
286,3.6829044818878174,,,,,
287,3.797412633895874,,,,,
288,3.245293617248535,,,,,
289,1.6884644031524658,,,,,
290,1.0289138555526733,,,,,
291,6.055406093597412,,,,,
292,0.9161719679832458,,,,,
293,3.7331595420837402,,,,,
294,5.803773880004883,,,,,
295,3.2332558631896973,,,,,
296,7.3701043128967285,,,,,
297,1.3364721536636353,,,,,
298,0.30669698119163513,,,,,
299,0.8992722034454346,,,,,
300,3.213876724243164,,,,,
301,56.782012939453125,,,,,
302,0.9071244597434998,,,,,
303,5.072516441345215,,,,,
304,2.3091840744018555,,,,,
305,3.6254689693450928,,,,,
306,3.8954875469207764,,,,,
307,9.923637390136719,,,,,
308,6.952460765838623,,,,,
309,0.437488853931427,,,,,
310,0.5183425545692444,,,,,
311,3.971825361251831,,,,,
312,6.0264692306518555,,,,,
313,1.3403664827346802,,,,,
314,5.818857669830322,,,,,
315,122.72235107421875,,,,,
316,6.070963382720947,,,,,
317,12.869331359863281,,,,,
318,7.424280166625977,,,,,
319,8.370606422424316,,,,,
320,18.39362144470215,,,,,
321,5.0405683517456055,,,,,
322,51.98836135864258,,,,,
323,45.273048400878906,,,,,
324,38.03665542602539,,,,,
325,12.957959175109863,,,,,
326,6.47418212890625,,,,,
327,9.248149871826172,,,,,
328,20.322856903076172,,,,,
329,35.55724334716797,,,,,
330,5.985250473022461,,,,,
331,7.441281795501709,,,,,
332,27.021299362182617,,,,,
333,27.137821197509766,,,,,
334,26.09217643737793,,,,,
335,4.037431716918945,,,,,
336,4.970641613006592,,,,,
337,23.0242862701416,,,,,
338,10.776350021362305,,,,,
339,24.8382568359375,,,,,
340,7.785737037658691,,,,,
341,1.9912996292114258,,,,,
342,11.063257217407227,,,,,
343,3.2731375694274902,,,,,
344,13.353324890136719,,,,,
345,8.262850761413574,,,,,
346,17.64195442199707,,,,,
347,9.982789039611816,,,,,
348,9.27856731414795,,,,,
349,1.394814372062683,,,,,
350,4.894129276275635,,,,,
351,5.155429840087891,,,,,
352,13.29872989654541,,,,,
353,7.308408737182617,,,,,
354,48.60905838012695,,,,,
355,1.6165363788604736,,,,,
356,2.0156657695770264,,,,,
357,5.08463191986084,,,,,
358,0.8178336024284363,,,,,
359,1.9450526237487793,,,,,
360,1.3126020431518555,,,,,
361,8.819723129272461,,,,,
362,3.473026752471924,,,,,
363,59.94609069824219,,,,,
364,8.80575942993164,,,,,
365,8.386606216430664,,,,,
366,6.722055435180664,,,,,
367,13.487170219421387,,,,,
368,11.953681945800781,,,,,
369,7.259754180908203,,,,,
370,6.266753196716309,,,,,
371,2.4684202671051025,,,,,
372,8.126182556152344,,,,,
373,1.1215182542800903,,,,,
374,4.1680521965026855,,,,,
375,6.912537097930908,,,,,
376,4.297248840332031,,,,,
377,6.904070854187012,,,,,
378,10.775397300720215,,,,,
379,2.634598731994629,,,,,
380,20.234834671020508,,,,,
381,6.658329486846924,,,,,
382,4.425956726074219,,,,,
383,15.045836448669434,,,,,
384,5.732051372528076,,,,,
385,21.4504451751709,,,,,
386,1.2909592390060425,,,,,
387,1.1869622468948364,,,,,
388,2.184948682785034,,,,,
389,7.679693222045898,,,,,
390,4.347886562347412,,,,,
391,2.975670099258423,,,,,
392,2.151925563812256,,,,,
393,7.892064571380615,,,,,
394,5.439097881317139,,,,,
395,9.878093719482422,,,,,
396,11.057535171508789,,,,,
397,0.7960242033004761,,,,,
398,7.106248378753662,,,,,
399,1.0914934873580933,,,,,
400,5.407373905181885,,,,,
401,15.97610092163086,,,,,
402,9.308775901794434,,,,,
403,10.934162139892578,,,,,
404,8.121914863586426,,,,,
405,4.635595798492432,,,,,
406,14.678038597106934,,,,,
407,8.262362480163574,,,,,
408,12.45923137664795,,,,,
409,2.02567982673645,,,,,
410,3.425440549850464,,,,,
411,6.741350173950195,,,,,
412,4.446660041809082,,,,,
413,4.267195224761963,,,,,
414,4.538996696472168,,,,,
415,4.976693630218506,,,,,
416,5.095463275909424,,,,,
417,1.8783944845199585,,,,,
418,1.6604777574539185,,,,,
419,3.023648262023926,,,,,
420,3.1451141834259033,,,,,
421,2.3976736068725586,,,,,
422,2.3292088508605957,,,,,
423,1.2368276119232178,,,,,
424,4.610375881195068,,,,,
425,5.139378070831299,,,,,
426,1.4956713914871216,,,,,
427,1.5637127161026,,,,,
428,3.138850212097168,,,,,
429,6.135891914367676,,,,,
430,2.3799500465393066,,,,,
431,1.7258342504501343,,,,,
432,1.3180652856826782,,,,,
433,4.35089111328125,,,,,
434,3.1238648891448975,,,,,
435,3.021043300628662,,,,,
436,0.7410850524902344,,,,,
437,1.1829907894134521,,,,,
438,1.9847599267959595,,,,,
439,1.0443999767303467,,,,,
440,2.538339614868164,,,,,
441,0.4209810793399811,,,,,
442,0.6491206884384155,,,,,
443,1.4561207294464111,,,,,
444,2.069647789001465,,,,,
445,4.7679572105407715,,,,,
446,4.238282680511475,,,,,
447,2.673078775405884,,,,,
448,2.481112241744995,,,,,
449,2.091644763946533,,,,,
450,500.6724548339844,,,,,
451,3.770275592803955,,,,,
452,3.3173224925994873,,,,,
453,56.849361419677734,,,,,
454,56.97138595581055,,,,,
455,141.02169799804688,,,,,
456,151.96839904785156,,,,,
457,11.82784652709961,,,,,
458,23.69176483154297,,,,,
459,12.916247367858887,,,,,
460,2.1720123291015625,,,,,
461,1.002707839012146,,,,,
462,6.676425933837891,,,,,
463,11.993552207946777,,,,,
464,9.388432502746582,,,,,
465,6.718128681182861,,,,,
466,8.773125648498535,,,,,
467,131.3684539794922,,,,,
468,38.50224304199219,,,,,
469,2.529788017272949,,,,,
470,5.369725704193115,,,,,
471,19.522235870361328,,,,,
472,50.614505767822266,,,,,
473,12.717820167541504,,,,,
474,7.5734663009643555,,,,,
475,59.91968536376953,,,,,
476,6.97810173034668,,,,,
477,33.338165283203125,,,,,
478,28.16509437561035,,,,,
479,11.25214958190918,,,,,
480,6.665853500366211,,,,,
481,7.5610809326171875,,,,,
482,5.837798118591309,,,,,
483,9.93851089477539,,,,,
484,8.920780181884766,,,,,
485,37.32768630981445,,,,,
486,0.8606451153755188,,,,,
487,3.342928409576416,,,,,
488,4.115220546722412,,,,,
489,2.3422210216522217,,,,,
490,2.076634168624878,,,,,
491,19.471899032592773,,,,,
492,3.346318483352661,,,,,
493,4.8382463455200195,,,,,
494,2.5037906169891357,,,,,
495,2.8059518337249756,,,,,
496,5.201141357421875,,,,,
497,3.8599512577056885,,,,,
498,10.249585151672363,,,,,
499,14.766814231872559,,,,,
500,7.306558609008789,,,,,
501,6.386141777038574,,,,,
502,6.499362468719482,,,,,
503,12.911437034606934,,,,,
504,15.48884105682373,,,,,
505,1.996170997619629,,,,,
506,3.515918493270874,,,,,
507,5.496044635772705,,,,,
508,5.5740838050842285,,,,,
509,1.2632622718811035,,,,,
510,1.5687544345855713,,,,,
511,2.2225348949432373,,,,,
512,6.475025177001953,,,,,
513,4.86034631729126,,,,,
514,3.4988584518432617,,,,,
515,5.314384937286377,,,,,
516,6.684381008148193,,,,,
517,3.1962058544158936,,,,,
518,1.8282793760299683,,,,,
519,6.623103141784668,,,,,
520,12.700906753540039,,,,,
521,5.0659894943237305,,,,,
522,9.2152738571167,,,,,
523,13.468496322631836,,,,,
524,13.880467414855957,,,,,
525,9.900307655334473,,,,,
526,0.610754132270813,,,,,
527,30.991445541381836,,,,,
528,1.9847899675369263,,,,,
529,8.344533920288086,,,,,
530,3.064582586288452,,,,,
531,5.977876663208008,,,,,
532,6.545407295227051,,,,,
533,3.3351542949676514,,,,,
534,3.5660560131073,,,,,
535,5.092790603637695,,,,,
536,53.55208206176758,,,,,
537,18.045406341552734,,,,,
538,5.92958927154541,,,,,
539,1.964557409286499,,,,,
540,6.832724094390869,,,,,
541,9.46381664276123,,,,,
542,14.348916053771973,,,,,
543,11.867514610290527,,,,,
544,2.6739413738250732,,,,,
545,2.689094305038452,,,,,
546,0.7527318596839905,,,,,
547,10.68901538848877,,,,,
548,3.0898149013519287,,,,,
549,1.6293939352035522,,,,,
550,15.739005088806152,,,,,
551,6.972316741943359,,,,,
552,2.8090531826019287,,,,,
553,2.912259101867676,,,,,
554,41.701725006103516,,,,,
555,0.880162239074707,,,,,
556,8.702958106994629,,,,,
557,1.484763741493225,,,,,
558,23.12547492980957,,,,,
559,9.809000015258789,,,,,
560,7.863342761993408,,,,,
561,1.858234167098999,,,,,
562,0.6824161410331726,,,,,
563,11.33161735534668,,,,,
564,2.8007938861846924,,,,,
565,2.7498528957366943,,,,,
566,2.43086314201355,,,,,
567,45.37726974487305,,,,,
568,6.7287397384643555,,,,,
569,3.967752695083618,,,,,
570,7.999438762664795,,,,,
571,3.5383355617523193,,,,,
572,1.912334680557251,,,,,
573,4.133119106292725,,,,,
574,3.895432472229004,,,,,
575,2.133315324783325,,,,,
576,13.846888542175293,,,,,
577,1.776137113571167,,,,,
578,2.422123908996582,,,,,
579,5.274336338043213,,,,,
580,2.3907382488250732,,,,,
581,3.419100046157837,,,,,
582,6.163032054901123,,,,,
583,7.86881160736084,,,,,
584,1.8525583744049072,,,,,
585,19.249996185302734,,,,,
586,0.6797313690185547,,,,,
587,0.6613121032714844,,,,,
588,4.05111837387085,,,,,
589,9.915605545043945,,,,,
590,4.6377081871032715,,,,,
591,3.463106155395508,,,,,
592,0.967676043510437,,,,,
593,1.8361657857894897,,,,,
594,0.7387939691543579,,,,,
595,3.511864185333252,,,,,
596,7.780216217041016,,,,,
597,6.674907207489014,,,,,
598,2.679309844970703,,,,,
599,0.7212390303611755,,,,,
600,3.1162045001983643,,,,,
601,1.0453029870986938,,,,,
602,1.0903538465499878,,,,,
603,0.7500712275505066,,,,,
604,1.530474066734314,,,,,
605,3.7860138416290283,,,,,
606,5.61123514175415,,,,,
607,1.7638550996780396,,,,,
608,1.5276812314987183,,,,,
609,0.5127938985824585,,,,,
610,0.918928861618042,,,,,
611,5.570643424987793,,,,,
612,2.083265542984009,,,,,
613,3.3303682804107666,,,,,
614,4.857272624969482,,,,,
615,0.5156050324440002,,,,,
616,4.578230381011963,,,,,
617,2.763258695602417,,,,,
618,1.3427133560180664,,,,,
619,11.60289192199707,,,,,
620,2.112668037414551,,,,,
621,1.545014500617981,,,,,
622,1.0158978700637817,,,,,
623,7.208061695098877,,,,,
624,3.3162572383880615,,,,,
625,2.069154739379883,,,,,
626,1.0776193141937256,,,,,
627,2.462786912918091,,,,,
628,1.7336688041687012,,,,,
629,1.699131965637207,,,,,
630,0.42003124952316284,,,,,
631,0.9470173716545105,,,,,
632,0.48031142354011536,,,,,
633,8.365826606750488,,,,,
634,1.6792447566986084,,,,,
635,2.6695399284362793,,,,,
636,3.9386613368988037,,,,,
637,1.4270100593566895,,,,,
638,1.7217925786972046,,,,,
639,2.3564295768737793,,,,,
640,1.3783257007598877,,,,,
641,0.2305600643157959,,,,,
642,1.8048025369644165,,,,,
643,1.7084887027740479,,,,,
644,4.314364910125732,,,,,
645,3.8060646057128906,,,,,
646,1.072568655014038,,,,,
647,0.6677752733230591,,,,,
648,0.5113916993141174,,,,,
649,0.9692375063896179,,,,,
650,2.236456871032715,,,,,
651,11.19275951385498,,,,,
652,2.7210960388183594,,,,,
653,3.2312254905700684,,,,,
654,3.048388719558716,,,,,
655,1.4166593551635742,,,,,
656,4.879464626312256,,,,,
657,14.778777122497559,,,,,
658,0.7888613939285278,,,,,
659,4.813714981079102,,,,,
660,2.1045520305633545,,,,,
661,13.844132423400879,,,,,
662,7.296684741973877,,,,,
663,1.9401617050170898,,,,,
664,5.704030513763428,,,,,
665,2.0808916091918945,,,,,
666,6.819575309753418,,,,,
667,4.2647385597229,,,,,
668,3.2210052013397217,,,,,
669,13.231205940246582,,,,,
670,15.132829666137695,,,,,
671,4.668004512786865,,,,,
672,4.196948051452637,,,,,
673,2.8423068523406982,,,,,
674,0.6449894309043884,,,,,
675,1.1632499694824219,,,,,
676,4.294201374053955,,,,,
677,0.3867515027523041,,,,,
678,22.498580932617188,,,,,
679,2.852720022201538,,,,,
680,1.372316837310791,,,,,
681,3.5731706619262695,,,,,
682,11.683767318725586,,,,,
683,2.381068229675293,,,,,
684,1.7937947511672974,,,,,
685,0.6697290539741516,,,,,
686,2.693397045135498,,,,,
687,3.5737078189849854,,,,,
688,3.4635579586029053,,,,,
689,1.9793403148651123,,,,,
690,2.7353744506835938,,,,,
691,9.259564399719238,,,,,
692,1.42754328250885,,,,,
693,1.1297581195831299,,,,,
694,4.6811652183532715,,,,,
695,2.914463520050049,,,,,
696,2.993833065032959,,,,,
697,2.122499465942383,,,,,
698,19.46877098083496,,,,,
699,6.595491409301758,,,,,
700,0.4181045889854431,,,,,
701,3.5995242595672607,,,,,
702,4.448829174041748,,,,,
703,1.9275894165039062,,,,,
704,0.5977222323417664,,,,,
705,2.6424667835235596,,,,,
706,1.194077968597412,,,,,
707,3.091724395751953,,,,,
708,2.4653711318969727,,,,,
709,3.0648586750030518,,,,,
710,5.900146484375,,,,,
711,11.435935974121094,,,,,
712,1.6736600399017334,,,,,
713,0.8439503312110901,,,,,
714,0.699775218963623,,,,,
715,133.3712615966797,,,,,
716,1.2850300073623657,,,,,
717,3.32384991645813,,,,,
718,2.192370653152466,,,,,
719,1.345502257347107,,,,,
720,2.9484405517578125,,,,,
721,5.832271099090576,,,,,
722,4.0632500648498535,,,,,
723,3.6141130924224854,,,,,
724,1.3823782205581665,,,,,
725,8.984062194824219,,,,,
726,450.1786804199219,,,,,
727,6.2290849685668945,,,,,
728,6.942783832550049,,,,,
729,16.323509216308594,,,,,
730,27.5837459564209,,,,,
731,111.69418334960938,,,,,
732,14.131492614746094,,,,,
733,11.004495620727539,,,,,
734,7.431703567504883,,,,,
735,56.361934661865234,,,,,
736,7.877396583557129,,,,,
737,107.16197204589844,,,,,
738,10.00619888305664,,,,,
739,10.815815925598145,,,,,
740,23.821409225463867,,,,,
741,1.7449967861175537,,,,,
742,8.794507026672363,,,,,
743,16.77338409423828,,,,,
744,2.0968592166900635,,,,,
745,4.435364246368408,,,,,
746,11.997178077697754,,,,,
747,3.7947022914886475,,,,,
748,34.66653060913086,,,,,
749,4.432375431060791,,,,,
750,1.6310501098632812,,,,,
751,10.37034797668457,,,,,
752,16.3698787689209,,,,,
753,37.39748001098633,,,,,
754,5.693084716796875,,,,,
755,11.638725280761719,,,,,
756,3.8907358646392822,,,,,
757,0.9511797428131104,,,,,
758,1.423690915107727,,,,,
759,3.7264950275421143,,,,,
760,4.575305938720703,,,,,
761,2.3018224239349365,,,,,
762,5.449921607971191,,,,,
763,8.443964958190918,,,,,
764,5.583863735198975,,,,,
765,8.41381549835205,,,,,
766,15.508453369140625,,,,,
767,1.0598444938659668,,,,,
768,12.144103050231934,,,,,
769,5.974978446960449,,,,,
770,5.079343795776367,,,,,
771,4.941803932189941,,,,,
772,13.989364624023438,,,,,
773,19.40717887878418,,,,,
774,7.83512020111084,,,,,
775,1.1474173069000244,,,,,
776,2.50451397895813,,,,,
777,8.228313446044922,,,,,
778,4.816606521606445,,,,,
779,6.833053112030029,,,,,
780,6.559079170227051,,,,,
781,0.9943288564682007,,,,,
782,3.1787781715393066,,,,,
783,4.432653903961182,,,,,
784,1.5092802047729492,,,,,
785,2.2517318725585938,,,,,
786,11.161517143249512,,,,,
787,34.36505126953125,,,,,
788,5.362232208251953,,,,,
789,2.167814016342163,,,,,
790,3.101393938064575,,,,,
791,2.1767032146453857,,,,,
792,3.0749351978302,,,,,
793,7.52284574508667,,,,,
794,17.135940551757812,,,,,
795,16.67841148376465,,,,,
796,1.0473155975341797,,,,,
797,1.6516464948654175,,,,,
798,1.8490351438522339,,,,,
799,8.915057182312012,,,,,
800,4.02032470703125,,,,,
801,13.53725814819336,,,,,
802,3.2264578342437744,,,,,
803,3.476624011993408,,,,,
804,1.1665252447128296,,,,,
805,1.506229281425476,,,,,
806,1.5365246534347534,,,,,
807,5.8235602378845215,,,,,
808,4.865687370300293,,,,,
809,28.267932891845703,,,,,
810,6.9411187171936035,,,,,
811,3.454571008682251,,,,,
812,1.7216969728469849,,,,,
813,1.7474076747894287,,,,,
814,10.504191398620605,,,,,
815,1.2545685768127441,,,,,
816,2.523951768875122,,,,,
817,1.8461172580718994,,,,,
818,13.30148696899414,,,,,
819,9.553121566772461,,,,,
820,4.473555564880371,,,,,
821,2.917215347290039,,,,,
822,8.948328971862793,,,,,
823,4.110019207000732,,,,,
824,4.765417575836182,,,,,
825,7.597330093383789,,,,,
826,17.405305862426758,,,,,
827,5.288499355316162,,,,,
828,2.322761058807373,,,,,
829,1.9765366315841675,,,,,
830,2.222299575805664,,,,,
831,4.4670844078063965,,,,,
832,8.855396270751953,,,,,
833,8.002676963806152,,,,,
834,4.1843390464782715,,,,,
835,3.1533257961273193,,,,,
836,6.4733967781066895,,,,,
837,6.081484317779541,,,,,
838,2.052001476287842,,,,,
839,0.7061289548873901,,,,,
840,3.588066339492798,,,,,
841,9.916693687438965,,,,,
842,6.192499160766602,,,,,
843,1.8329153060913086,,,,,
844,4.058224201202393,,,,,
845,1.9678617715835571,,,,,
846,1.2293334007263184,,,,,
847,1.8208378553390503,,,,,
848,1.656887173652649,,,,,
849,7.47080135345459,,,,,
850,2.857104778289795,,,,,
851,29.53937530517578,,,,,
852,5.4110026359558105,,,,,
853,7.879669666290283,,,,,
854,3.20414400100708,,,,,
855,6.753758430480957,,,,,
856,6.723280429840088,,,,,
857,6.024343490600586,,,,,
858,2.7425968647003174,,,,,
859,0.5345792770385742,,,,,
860,2.4928157329559326,,,,,
861,16.637956619262695,,,,,
862,11.227737426757812,,,,,
863,6.102682113647461,,,,,
864,3.6101300716400146,,,,,
865,62.33453369140625,,,,,
866,25.80862808227539,,,,,
867,2.7054965496063232,,,,,
868,17.799434661865234,,,,,
869,5.6991682052612305,,,,,
870,7.6016764640808105,,,,,
871,12.89804458618164,,,,,
872,9.368245124816895,,,,,
873,9.828764915466309,,,,,
874,15.223505973815918,,,,,
875,14.663352966308594,,,,,
876,5.795446872711182,,,,,
877,10.48513126373291,,,,,
878,11.848876953125,,,,,
879,7.753988742828369,,,,,
880,2.113790273666382,,,,,
881,6.754328727722168,,,,,
882,10.896604537963867,,,,,
883,3.3809847831726074,,,,,
884,3.325185775756836,,,,,
885,7.164636611938477,,,,,
886,6.409933090209961,,,,,
887,5.945728302001953,,,,,
888,3.8208959102630615,,,,,
889,13.497406959533691,,,,,
890,7.950157165527344,,,,,
891,7.697781085968018,,,,,
892,8.872352600097656,,,,,
893,6.417978763580322,,,,,
894,7.085697174072266,,,,,
895,6.23618745803833,,,,,
896,1.5892127752304077,,,,,
897,7.323205471038818,,,,,
898,7.861525535583496,,,,,
899,2.912271499633789,,,,,
900,2.400866746902466,,,,,
901,7.002692222595215,,,,,
902,1.4160192012786865,,,,,
903,5.308121681213379,,,,,
904,1.7123045921325684,,,,,
905,5.518237113952637,,,,,
906,23.327817916870117,,,,,
907,9.696812629699707,,,,,
908,11.271575927734375,,,,,
909,4.986658573150635,,,,,
910,0.9773476123809814,,,,,
911,3.7434496879577637,,,,,
912,5.0702738761901855,,,,,
913,7.769435405731201,,,,,
914,1.989418625831604,,,,,
915,6.58895206451416,,,,,
916,3.956225633621216,,,,,
917,0.5033579468727112,,,,,
918,1.2175968885421753,,,,,
919,1.5322163105010986,,,,,
920,7.770270824432373,,,,,
921,1.1246734857559204,,,,,
922,1.1708511114120483,,,,,
923,3.0871329307556152,,,,,
924,0.6620301604270935,,,,,
925,1.3202605247497559,,,,,
926,0.486091673374176,,,,,
927,4.259559154510498,,,,,
928,1.5942131280899048,,,,,
929,4.020259857177734,,,,,
930,0.6784966588020325,,,,,
931,1.442081332206726,,,,,
932,2.8044681549072266,,,,,
933,0.7185907959938049,,,,,
934,1.2878245115280151,,,,,
935,1.1180074214935303,,,,,
936,14.784000396728516,,,,,
937,2.132350206375122,,,,,
938,3.1571710109710693,,,,,
939,4.900228023529053,,,,,
940,2.8965561389923096,,,,,
941,1.6290712356567383,,,,,
942,0.3618936538696289,,,,,
943,1.0498632192611694,,,,,
944,13.620458602905273,,,,,
945,0.34110769629478455,,,,,
946,1.6322165727615356,,,,,
947,4.480669021606445,,,,,
948,1.0351266860961914,,,,,
949,5.716386795043945,,,,,
950,4.984941482543945,,,,,
951,0.5343834757804871,,,,,
952,2.7670252323150635,,,,,
953,3.578373670578003,,,,,
954,4.3867082595825195,,,,,
955,1.0288808345794678,,,,,
956,2.271390199661255,,,,,
957,1.5260396003723145,,,,,
958,5.166420936584473,,,,,
959,2.8892033100128174,,,,,
960,1.3091866970062256,,,,,
961,3.7187931537628174,,,,,
962,0.9070217609405518,,,,,
963,4.229014873504639,,,,,
964,3.599863052368164,,,,,
965,3.2076292037963867,,,,,
966,14.518739700317383,,,,,
967,8.614681243896484,,,,,
968,2.591076135635376,,,,,
969,2.651906967163086,,,,,
970,0.5261570811271667,,,,,
971,2.9547083377838135,,,,,
972,6.193953990936279,,,,,
973,2.4488303661346436,,,,,
974,0.6173450946807861,,,,,
975,4.569632053375244,,,,,
976,2.703878164291382,,,,,
977,0.5499094724655151,,,,,
978,12.167859077453613,,,,,
979,1.183496117591858,,,,,
980,3.148986577987671,,,,,
981,2.901581048965454,,,,,
982,1.6772446632385254,,,,,
983,3.3792405128479004,,,,,
984,0.5357262492179871,,,,,
985,0.7635056376457214,,,,,
986,3.9135477542877197,,,,,
987,2.2257635593414307,,,,,
988,1.517119288444519,,,,,
989,2.973284959793091,,,,,
990,2.718158721923828,,,,,
991,0.7635629773139954,,,,,
992,2.0968146324157715,,,,,
993,17.46474266052246,,,,,
994,0.16859634220600128,,,,,
995,1.9524519443511963,,,,,
996,0.9837551116943359,,,,,
997,0.8430513739585876,,,,,
998,1.2699815034866333,,,,,
999,0.3377295434474945,,,,,
1000,3.350252866744995,,,,,
1001,1.627324104309082,,,,,
1002,0.489822119474411,,,,,
1003,1.3611009120941162,,,,,
1004,2.2908027172088623,,,,,
1005,0.8529905676841736,,,,,
1006,0.7726991772651672,,,,,
1007,3.46517014503479,,,,,
1008,0.698260486125946,,,,,
1009,0.25129470229148865,,,,,
1010,2.0781033039093018,,,,,
1011,0.5601332187652588,,,,,
1012,1.2200887203216553,,,,,
1013,0.35663411021232605,,,,,
1014,1.2473328113555908,,,,,
1015,0.9723307490348816,,,,,
1016,0.37686896324157715,,,,,
1017,0.35627618432044983,,,,,
1018,2.53293776512146,,,,,
1019,1.5454846620559692,,,,,
1020,1.7042169570922852,,,,,
1021,1.2604718208312988,,,,,
1022,0.7375870943069458,,,,,
1023,3.1523845195770264,,,,,
1024,0.5853436589241028,,,,,
1025,0.7273505926132202,,,,,
1026,0.13280585408210754,,,,,
1027,1.576012372970581,,,,,
1028,1.0682822465896606,,,,,
1029,2.141327142715454,,,,,
1030,2.2386629581451416,,,,,
1031,1.2378264665603638,,,,,
1032,8.658308982849121,,,,,
1033,1.3072224855422974,,,,,
1034,1.2587872743606567,,,,,
1035,0.4938213527202606,,,,,
1036,0.5004600286483765,,,,,
1037,0.49057242274284363,,,,,
1038,0.9958056211471558,,,,,
1039,1.5425530672073364,,,,,
1040,1.6082664728164673,,,,,
1041,8.797048568725586,,,,,
1042,0.8149644732475281,,,,,
1043,2.7328364849090576,,,,,
1044,0.7684810757637024,,,,,
1045,2.0713002681732178,,,,,
1046,0.5231404304504395,,,,,
1047,0.3246775269508362,,,,,
1048,5.047957420349121,,,,,
1049,3.4668092727661133,,,,,
1050,1.5528899431228638,,,,,
1051,0.45212888717651367,,,,,
1052,0.5191789865493774,,,,,
1053,2.1651997566223145,,,,,
1054,0.866782546043396,,,,,
1055,0.749859631061554,,,,,
1056,1.0554975271224976,,,,,
1057,0.26382219791412354,,,,,
1058,2.5037424564361572,,,,,
1059,0.7826969027519226,,,,,
1060,0.5604555010795593,,,,,
1061,2.739995241165161,,,,,
1062,3.6424036026000977,,,,,
1063,0.2092532515525818,,,,,
1064,3.0506365299224854,,,,,
1065,0.32710549235343933,,,,,
1066,0.7780996561050415,,,,,
1067,1.221927523612976,,,,,
1068,0.8897804617881775,,,,,
1069,1.992452621459961,,,,,
1070,0.6748743057250977,,,,,
1071,0.2709018290042877,,,,,
1072,1.6580913066864014,,,,,
1073,1.0499193668365479,,,,,
1074,2.014849901199341,,,,,
1075,0.5330572724342346,,,,,
1076,2.79170823097229,,,,,
1077,0.6703264117240906,,,,,
1078,0.4147132933139801,,,,,
1079,0.796993613243103,,,,,
1080,0.9753432869911194,,,,,
1081,0.9377004504203796,,,,,
1082,1.0824259519577026,,,,,
1083,0.5620598196983337,,,,,
1084,9.361950874328613,,,,,
1085,0.3095758557319641,,,,,
1086,0.2886449694633484,,,,,
1087,1.2069810628890991,,,,,
1088,0.8140645623207092,,,,,
1089,2.682192325592041,,,,,
1090,0.9953504204750061,,,,,
1091,0.7591024041175842,,,,,
1092,0.7743194103240967,,,,,
1093,0.305727481842041,,,,,
1094,0.9179661273956299,,,,,
1095,2.7371819019317627,,,,,
1096,1.006809115409851,,,,,
1097,0.5987955927848816,,,,,
1098,0.7374674081802368,,,,,
1099,0.7915263772010803,,,,,
1100,1.3665112257003784,,,,,
1101,1.3161249160766602,,,,,
1102,1.4374381303787231,,,,,
1103,0.9687620997428894,,,,,
1104,0.8262108564376831,,,,,
1105,0.30786630511283875,,,,,
1106,1.2808749675750732,,,,,
1107,0.7750776410102844,,,,,
1108,0.42234522104263306,,,,,
1109,0.22115354239940643,,,,,
1110,0.5967084765434265,,,,,
1111,0.725740909576416,,,,,
1112,0.36768996715545654,,,,,
1113,0.5533075332641602,,,,,
1114,0.45948660373687744,,,,,
1115,1.2265912294387817,,,,,
1116,1.1055628061294556,,,,,
1117,2.547095537185669,,,,,
1118,0.5918455719947815,,,,,
1119,1.1421245336532593,,,,,
1120,0.21243739128112793,,,,,
1121,1.7898765802383423,,,,,
1122,0.873346745967865,,,,,
1123,2.2376322746276855,,,,,
1124,0.8297703266143799,,,,,
1125,0.5409923791885376,,,,,
1126,2.1120595932006836,,,,,
1127,0.6583081483840942,,,,,
1128,2.9485654830932617,,,,,
1129,1.4969555139541626,,,,,
1130,0.7975890040397644,,,,,
1131,0.44660454988479614,,,,,
1132,0.8882800936698914,,,,,
1133,3.1713645458221436,,,,,
1134,0.21058204770088196,,,,,
1135,1.5034153461456299,,,,,
1136,2.578369140625,,,,,
1137,1.262256383895874,,,,,
1138,0.39319026470184326,,,,,
1139,0.4265584349632263,,,,,
1140,0.48680925369262695,,,,,
1141,2.9361841678619385,,,,,
1142,0.49798330664634705,,,,,
1143,2.482174873352051,,,,,
1144,3.470937490463257,,,,,
1145,3.125478982925415,,,,,
1146,0.4396665394306183,,,,,
1147,0.5832856297492981,,,,,
1148,1.536116361618042,,,,,
1149,0.24966098368167877,,,,,
1150,0.14276517927646637,,,,,
1151,0.8349888324737549,,,,,
1152,1.6807860136032104,,,,,
1153,1.6253957748413086,,,,,
1154,0.660180926322937,,,,,
1155,0.7396302819252014,,,,,
1156,0.6010820865631104,,,,,
1157,0.998488187789917,,,,,
1158,0.2541413903236389,,,,,
1159,0.34541958570480347,,,,,
1160,2.0160655975341797,,,,,
1161,1.499332308769226,,,,,
1162,0.5533100366592407,,,,,
1163,1.3482978343963623,,,,,
1164,0.15673236548900604,,,,,
1165,1.1154226064682007,,,,,
1166,0.6623657941818237,,,,,
1167,0.2608489990234375,,,,,
1168,0.5797257423400879,,,,,
1169,0.6137608885765076,,,,,
1170,1.3295934200286865,,,,,
1171,0.49345892667770386,,,,,
1172,1.0223904848098755,,,,,
1173,0.1425817310810089,,,,,
1174,0.833925724029541,,,,,
1175,0.5808358788490295,,,,,
1176,0.986588180065155,,,,,
1177,0.9840121269226074,,,,,
1178,1.3768647909164429,,,,,
1179,0.28152772784233093,,,,,
1180,0.3488186001777649,,,,,
1181,0.3005179464817047,,,,,
1182,0.6219564080238342,,,,,
1183,0.45832961797714233,,,,,
1184,0.9679229855537415,,,,,
1185,0.3999694585800171,,,,,
1186,2.100147247314453,,,,,
1187,0.9215284585952759,,,,,
1188,0.4062979519367218,,,,,
1189,0.8211612105369568,,,,,
1190,0.7214834690093994,,,,,
1191,1.1361693143844604,,,,,
1192,0.16028669476509094,,,,,
1193,0.7413462400436401,,,,,
1194,0.5942821502685547,,,,,
1195,0.6166950464248657,,,,,
1196,0.7990798354148865,,,,,
1197,0.7486481666564941,,,,,
1198,0.2989370822906494,,,,,
1199,0.893504798412323,,,,,
1200,0.23800930380821228,,,,,
1201,0.5097745060920715,,,,,
1202,0.23056147992610931,,,,,
1203,0.20746472477912903,,,,,
1204,0.5371336936950684,,,,,
1205,0.4454520642757416,,,,,
1206,1.445181131362915,,,,,
1207,1.0974279642105103,,,,,
1208,0.4381231367588043,,,,,
1209,0.6042677164077759,,,,,
1210,0.2561910152435303,,,,,
1211,0.8384101390838623,,,,,
1212,0.4246082901954651,,,,,
1213,1.8234862089157104,,,,,
1214,1.3739641904830933,,,,,
1215,0.43146538734436035,,,,,
1216,0.2571928799152374,,,,,
1217,1.7696547508239746,,,,,
1218,0.49591413140296936,,,,,
1219,0.6694048643112183,,,,,
1220,1.0815590620040894,,,,,
1221,0.11625403165817261,,,,,
1222,0.21973809599876404,,,,,
1223,2.6099863052368164,,,,,
1224,0.3110584318637848,,,,,
1225,0.11674241721630096,,,,,
1226,1.787697434425354,,,,,
1227,0.5235357284545898,,,,,
1228,3.5052006244659424,,,,,
1229,2.4086382389068604,,,,,
1230,0.2831549346446991,,,,,
1231,0.6049985289573669,,,,,
1232,0.650345504283905,,,,,
1233,0.6390358805656433,,,,,
1234,2.332179546356201,,,,,
1235,1.3031120300292969,,,,,
1236,0.6523714661598206,,,,,
1237,0.5428870320320129,,,,,
1238,0.7182081341743469,,,,,
1239,0.6331430673599243,,,,,
1240,0.503065288066864,,,,,
1241,0.7252607941627502,,,,,
1242,0.3806147575378418,,,,,
1243,0.4523155987262726,,,,,
1244,2.8908839225769043,,,,,
1245,0.15984025597572327,,,,,
1246,0.14392289519309998,,,,,
1247,0.39953652024269104,,,,,
1248,0.3791303038597107,,,,,
1249,0.6716769933700562,,,,,
1250,1.5220258235931396,,,,,
1251,0.3446483314037323,,,,,
1252,0.5937445163726807,,,,,
1253,2.215345859527588,,,,,
1254,1.2870107889175415,,,,,
1255,0.30547288060188293,,,,,
1256,0.3240954875946045,,,,,
1257,0.3858192265033722,,,,,
1258,0.1822919398546219,,,,,
1259,0.1295158714056015,,,,,
1260,0.26676541566848755,,,,,
1261,2.2261359691619873,,,,,
1262,0.5898000001907349,,,,,
1263,0.5915571451187134,,,,,
1264,0.5311117172241211,,,,,
1265,0.566024124622345,,,,,
1266,0.7784385085105896,,,,,
1267,0.7172859907150269,,,,,
1268,0.3681914508342743,,,,,
1269,1.2040629386901855,,,,,
1270,0.2556329667568207,,,,,
1271,1.0869241952896118,,,,,
1272,0.27720907330513,,,,,
1273,0.09268218278884888,,,,,
1274,1.3076996803283691,,,,,
1275,1.1324666738510132,,,,,
1276,0.5233849883079529,,,,,
1277,1.4925929307937622,,,,,
1278,0.6864349246025085,,,,,
1279,0.20274338126182556,,,,,
1280,0.9273747205734253,,,,,
1281,0.37416696548461914,,,,,
1282,1.0569359064102173,,,,,
1283,0.17865607142448425,,,,,
1284,0.3269615173339844,,,,,
1285,0.23428821563720703,,,,,
1286,0.6400111317634583,,,,,
1287,0.8584315776824951,,,,,
1288,0.19901145994663239,,,,,
1289,0.954914391040802,,,,,
1290,0.2544964551925659,,,,,
1291,0.7296122908592224,,,,,
1292,2.031765937805176,,,,,
1293,0.6510406732559204,,,,,
1294,0.26980891823768616,,,,,
1295,0.46998047828674316,,,,,
1296,0.1829022914171219,,,,,
1297,1.0693391561508179,,,,,
1298,1.8775997161865234,,,,,
1299,0.2758159637451172,,,,,
1300,0.2243143767118454,,,,,
1301,0.08867401629686356,,,,,
1302,1.7103078365325928,,,,,
1303,0.3494426906108856,,,,,
1304,1.3871225118637085,,,,,
1305,0.3108545243740082,,,,,
1306,1.5171229839324951,,,,,
1307,1.2805604934692383,,,,,
1308,0.4827323257923126,,,,,
1309,0.18161694705486298,,,,,
1310,0.1319439560174942,,,,,
1311,0.14307332038879395,,,,,
1312,0.09841372072696686,,,,,
1313,0.49381378293037415,,,,,
1314,0.23604312539100647,,,,,
1315,0.9088878631591797,,,,,
1316,1.395044207572937,,,,,
1317,0.04789473116397858,,,,,
1318,0.20842641592025757,,,,,
1319,1.1258634328842163,,,,,
1320,0.2982840836048126,,,,,
1321,1.2451817989349365,,,,,
1322,0.1437305361032486,,,,,
1323,2.042884111404419,,,,,
1324,0.31069257855415344,,,,,
1325,0.7709509134292603,,,,,
1326,1.885390281677246,,,,,
1327,0.6044645309448242,,,,,
1328,0.7910972833633423,,,,,
1329,0.3878025412559509,,,,,
1330,0.7179718613624573,,,,,
1331,0.465242475271225,,,,,
1332,0.44682884216308594,,,,,
1333,0.6470177173614502,,,,,
1334,0.668803334236145,,,,,
1335,0.14530105888843536,,,,,
1336,0.26300206780433655,,,,,
1337,0.2981984317302704,,,,,
1338,0.34911370277404785,,,,,
1339,0.38116154074668884,,,,,
1340,2.0349411964416504,,,,,
1341,0.272003173828125,,,,,
1342,0.36603647470474243,,,,,
1343,0.13751639425754547,,,,,
1344,0.05068320035934448,,,,,
1345,0.15773950517177582,,,,,
1346,0.6377195119857788,,,,,
1347,0.1588447093963623,,,,,
1348,0.08104006946086884,,,,,
1349,0.23645249009132385,,,,,
1350,1.0613973140716553,,,,,
1351,0.022006167098879814,,,,,
1352,3.4000182151794434,,,,,
1353,0.48342782258987427,,,,,
1354,0.7773958444595337,,,,,
1355,0.5662088990211487,,,,,
1356,1.0713119506835938,,,,,
1357,2.963618040084839,,,,,
1358,0.2342212200164795,,,,,
1359,1.14281165599823,,,,,
1360,0.8909688591957092,,,,,
1361,1.2323880195617676,,,,,
1362,1.6611404418945312,,,,,
1363,2.149685859680176,,,,,
1364,0.20404069125652313,,,,,
1365,0.13148249685764313,,,,,
1366,0.6125689744949341,,,,,
1367,0.5637667775154114,,,,,
1368,1.6544687747955322,,,,,
1369,0.22845424711704254,,,,,
1370,0.2913012206554413,,,,,
1371,0.5499905347824097,,,,,
1372,1.4217334985733032,,,,,
1373,0.09145233780145645,,,,,
1374,0.5124343633651733,,,,,
1375,0.45306292176246643,,,,,
1376,0.5935799479484558,,,,,
1377,0.09873232245445251,,,,,
1378,0.5325098633766174,,,,,
1379,1.7024645805358887,,,,,
1380,1.4902079105377197,,,,,
1381,0.1638837605714798,,,,,
1382,0.21506215631961823,,,,,
1383,1.1879992485046387,,,,,
1384,0.817573070526123,,,,,
1385,0.363864928483963,,,,,
1386,0.48517557978630066,,,,,
1387,0.18830710649490356,,,,,
1388,0.1676996946334839,,,,,
1389,0.5056957602500916,,,,,
1390,0.4367482662200928,,,,,
1391,0.3498118221759796,,,,,
1392,1.3415802717208862,,,,,
1393,0.3460119962692261,,,,,
1394,0.5873880386352539,,,,,
1395,0.48389193415641785,,,,,
1396,0.06345736980438232,,,,,
1397,2.8824386596679688,,,,,
1398,0.5459731817245483,,,,,
1399,0.27395009994506836,,,,,
1400,0.12235893309116364,,,,,
1401,0.44439685344696045,,,,,
1402,0.30065253376960754,,,,,
1403,2.4267406463623047,,,,,
1404,0.4909316897392273,,,,,
1405,0.6229729652404785,,,,,
1406,1.1142218112945557,,,,,
1407,0.5815156102180481,,,,,
1408,0.7605226635932922,,,,,
1409,0.19905103743076324,,,,,
1410,0.3589581251144409,,,,,
1411,1.2865670919418335,,,,,
1412,0.21208059787750244,,,,,
1413,0.4021412432193756,,,,,
1414,0.5302537679672241,,,,,
1415,0.2800457775592804,,,,,
1416,0.34549692273139954,,,,,
1417,0.48818153142929077,,,,,
1418,0.12197838723659515,,,,,
1419,0.25792860984802246,,,,,
1420,0.6600545048713684,,,,,
1421,0.08252719789743423,,,,,
1422,0.49790436029434204,,,,,
1423,0.17874780297279358,,,,,
1424,0.07847680896520615,,,,,
1425,0.09548099339008331,,,,,
1426,0.2637823820114136,,,,,
1427,36.63261413574219,,,,,
1428,0.18987959623336792,,,,,
1429,1.4054698944091797,,,,,
1430,0.7337473034858704,,,,,
1431,1.1488780975341797,,,,,
1432,1.679893136024475,,,,,
1433,1.0500229597091675,,,,,
1434,0.43462714552879333,,,,,
1435,0.7512878775596619,,,,,
1436,1.6638398170471191,,,,,
1437,2.060696601867676,,,,,
1438,2.3657591342926025,,,,,
1439,1.2865294218063354,,,,,
1440,2.067227363586426,,,,,
1441,2.642448902130127,,,,,
1442,0.23802751302719116,,,,,
1443,0.5113204121589661,,,,,
1444,0.7352860569953918,,,,,
1445,0.2645813822746277,,,,,
1446,0.7605816721916199,,,,,
1447,1.7260866165161133,,,,,
1448,1.319215178489685,,,,,
1449,0.715815007686615,,,,,
1450,1.06264328956604,,,,,
1451,0.9510472416877747,,,,,
1452,1.380840539932251,,,,,
1453,0.6144261956214905,,,,,
1454,0.31758207082748413,,,,,
1455,0.3704557418823242,,,,,
1456,0.25314846634864807,,,,,
1457,0.22741736471652985,,,,,
1458,0.6593858003616333,,,,,
1459,0.6012995839118958,,,,,
1460,0.32480427622795105,,,,,
1461,0.7186372876167297,,,,,
1462,1.5761852264404297,,,,,
1463,0.43479084968566895,,,,,
1464,0.3091636002063751,,,,,
1465,1.5168235301971436,,,,,
1466,0.5835159420967102,,,,,
1467,5.520449638366699,,,,,
1468,1.4386054277420044,,,,,
1469,3.473195791244507,,,,,
1470,2.108842611312866,,,,,
1471,3.116541624069214,,,,,
1472,3.424954652786255,,,,,
1473,1.2537692785263062,,,,,
1474,1.7930643558502197,,,,,
1475,1.9062397480010986,,,,,
1476,0.5350571870803833,,,,,
1477,4.210371971130371,,,,,
1478,2.507570505142212,,,,,
1479,3.8064894676208496,,,,,
1480,2.9066295623779297,,,,,
1481,2.1541731357574463,,,,,
1482,2.7213356494903564,,,,,
1483,0.45178282260894775,,,,,
1484,7.947996139526367,,,,,
1485,1.9336286783218384,,,,,
1486,0.4998002052307129,,,,,
1487,3.3239729404449463,,,,,
1488,0.9614686965942383,,,,,
1489,4.681760311126709,,,,,
1490,2.043334722518921,,,,,
1491,1.2459805011749268,,,,,
1492,1.3872147798538208,,,,,
1493,2.7319374084472656,,,,,
1494,2.1615099906921387,,,,,
1495,6.47165060043335,,,,,
1496,1.2731050252914429,,,,,
1497,1.0402196645736694,,,,,
1498,0.5696477890014648,,,,,
1499,0.4366258680820465,,,,,
1500,0.4038543701171875,,,,,
1501,0.32149121165275574,,,,,
1502,0.6922415494918823,,,,,
1503,0.6567202210426331,,,,,
1504,0.430466890335083,,,,,
1505,4.0940446853637695,,,,,
1506,0.5351217985153198,,,,,
1507,1.1738542318344116,,,,,
1508,0.29556310176849365,,,,,
1509,0.7864422798156738,,,,,
1510,0.4330010414123535,,,,,
1511,0.30517295002937317,,,,,
1512,1.58566415309906,,,,,
1513,0.9999298453330994,,,,,
1514,1.6500096321105957,,,,,
1515,0.02502620965242386,,,,,
1516,0.10872843861579895,,,,,
1517,1.4523321390151978,,,,,
1518,0.6989035606384277,,,,,
1519,1.026922345161438,,,,,
1520,0.8255591988563538,,,,,
1521,2.2692244052886963,,,,,
1522,0.47921186685562134,,,,,
1523,0.363072007894516,,,,,
1524,0.4429110288619995,,,,,
1525,0.5966262221336365,,,,,
1526,1.297790288925171,,,,,
1527,1.3415589332580566,,,,,
1528,1.5790464878082275,,,,,
1529,1.7711341381072998,,,,,
1530,0.24878951907157898,,,,,
1531,0.14597563445568085,,,,,
1532,0.033894430845975876,,,,,
1533,1.0952787399291992,,,,,
1534,1.6961889266967773,,,,,
1535,0.28527215123176575,,,,,
1536,0.41785240173339844,,,,,
1537,0.27723827958106995,,,,,
1538,0.3177274763584137,,,,,
1539,0.5677713751792908,,,,,
1540,0.9708771109580994,,,,,
1541,0.08488466590642929,,,,,
1542,2.290696620941162,,,,,
1543,0.6640391945838928,,,,,
1544,1.0548945665359497,,,,,
1545,0.13926519453525543,,,,,
1546,0.3906707167625427,,,,,
1547,1.414442777633667,,,,,
1548,0.3551512062549591,,,,,
1549,0.4638632535934448,,,,,
1550,0.6949222683906555,,,,,
1551,0.7597083449363708,,,,,
1552,0.41216015815734863,,,,,
1553,0.2014695703983307,,,,,
1554,0.6225398778915405,,,,,
1555,1.103010892868042,,,,,
1556,0.6096020340919495,,,,,
1557,0.8506147861480713,,,,,
1558,0.8188874125480652,,,,,
1559,0.8104376196861267,,,,,
1560,0.25690749287605286,,,,,
1561,0.2555099129676819,,,,,
1562,0.4620910584926605,,,,,
1563,0.7986190319061279,,,,,
1564,0.19112130999565125,,,,,
1565,0.5946457386016846,,,,,
1566,0.16501213610172272,,,,,
1567,1.2734583616256714,,,,,
1568,0.5962877869606018,,,,,
1569,0.31653669476509094,,,,,
1570,0.465649276971817,,,,,
1571,1.0254942178726196,,,,,
1572,0.9898131489753723,,,,,
1573,0.4401114284992218,,,,,
1574,0.576166033744812,,,,,
1575,0.44312620162963867,,,,,
1576,0.2132422924041748,,,,,
1577,0.4838041365146637,,,,,
1578,0.2775910496711731,,,,,
1579,0.520930290222168,,,,,
1580,0.6641497611999512,,,,,
1581,0.21283841133117676,,,,,
1582,0.0967104434967041,,,,,
1583,1.0201231241226196,,,,,
1584,0.24800604581832886,,,,,
1585,0.3019830286502838,,,,,
1586,0.15238164365291595,,,,,
1587,0.08196999132633209,,,,,
1588,0.12081586569547653,,,,,
1589,0.5083991289138794,,,,,
1590,0.38180825114250183,,,,,
1591,0.26805800199508667,,,,,
1592,0.13094349205493927,,,,,
1593,2.267749071121216,,,,,
1594,0.6003707051277161,,,,,
1595,0.6966505646705627,,,,,
1596,0.5027769804000854,,,,,
1597,0.25238120555877686,,,,,
1598,0.17961956560611725,,,,,
1599,0.20484311878681183,,,,,
1600,0.13927647471427917,,,,,
1601,0.7644895315170288,,,,,
1602,0.167819544672966,,,,,
1603,0.2927916347980499,,,,,
1604,0.16697721183300018,,,,,
1605,0.255937397480011,,,,,
1606,0.16919273138046265,,,,,
1607,0.3795888125896454,,,,,
1608,0.6035363078117371,,,,,
1609,0.2175346314907074,,,,,
1610,0.5087312459945679,,,,,
1611,0.15685611963272095,,,,,
1612,0.1280442178249359,,,,,
1613,0.41637033224105835,,,,,
1614,0.0673564225435257,,,,,
1615,0.15571413934230804,,,,,
1616,0.2904415428638458,,,,,
1617,0.07745913416147232,,,,,
1618,0.44836440682411194,,,,,
1619,0.17347314953804016,,,,,
1620,0.23158855736255646,,,,,
1621,0.3051411211490631,,,,,
1622,0.3378344476222992,,,,,
1623,0.17040009796619415,,,,,
1624,0.10200183838605881,,,,,
1625,0.059363700449466705,,,,,
1626,0.07099686563014984,,,,,
1627,0.06523017585277557,,,,,
1628,0.44531920552253723,,,,,
1629,0.22015096247196198,,,,,
1630,0.056527916342020035,,,,,
1631,0.1137797012925148,,,,,
1632,0.10646514594554901,,,,,
1633,0.3012823164463043,,,,,
1634,0.0780702531337738,,,,,
1635,0.1321418732404709,,,,,
1636,0.064534492790699,,,,,
1637,0.27802804112434387,,,,,
1638,0.09400887787342072,,,,,
1639,0.3393307328224182,,,,,
1640,0.12425438314676285,,,,,
1641,0.38178494572639465,,,,,
1642,0.34454602003097534,,,,,
1643,0.3081672489643097,,,,,
1644,0.16924281418323517,,,,,
1645,0.40578871965408325,,,,,
1646,0.09074446558952332,,,,,
1647,0.21470044553279877,,,,,
1648,0.2548266053199768,,,,,
1649,0.05967080965638161,,,,,
1650,0.11477170884609222,,,,,
1651,0.4288235306739807,,,,,
1652,0.4419330358505249,,,,,
1653,0.030220679938793182,,,,,
1654,0.08139308542013168,,,,,
1655,0.03198680654168129,,,,,
1656,0.19445426762104034,,,,,
1657,0.21167398989200592,,,,,
1658,0.10356195271015167,,,,,
1659,0.06741233170032501,,,,,
1660,0.07380859553813934,,,,,
1661,0.07649161666631699,,,,,
1662,0.936538577079773,,,,,
1663,0.190318301320076,,,,,
1664,0.12395018339157104,,,,,
1665,0.3997081220149994,,,,,
1666,0.30793827772140503,,,,,
1667,0.43213772773742676,,,,,
1668,1.2179207801818848,,,,,
1669,0.7572535872459412,,,,,
1670,0.14792071282863617,,,,,
1671,0.19168736040592194,,,,,
1672,0.4245339334011078,,,,,
1673,0.7094041109085083,,,,,
1674,0.3681931495666504,,,,,
1675,0.22957536578178406,,,,,
1676,0.19129706919193268,,,,,
1677,0.22514277696609497,,,,,
1678,0.3460094928741455,,,,,
1679,0.606730043888092,,,,,
1680,0.6296712160110474,,,,,
1681,0.5947741866111755,,,,,
1682,1.2213577032089233,,,,,
1683,0.007491800468415022,,,,,
1684,0.6656242609024048,,,,,
1685,0.3232887387275696,,,,,
1686,2.1521382331848145,,,,,
1687,0.43800631165504456,,,,,
1688,0.7277277708053589,,,,,
1689,0.955973744392395,,,,,
1690,0.20504221320152283,,,,,
1691,0.2802997827529907,,,,,
1692,0.8464229106903076,,,,,
1693,0.6320985555648804,,,,,
1694,0.9952611327171326,,,,,
1695,1.9532124996185303,,,,,
1696,0.6042733788490295,,,,,
1697,0.29916658997535706,,,,,
1698,0.2535916864871979,,,,,
1699,0.24001392722129822,,,,,
1700,0.4802476465702057,,,,,
1701,0.6067982316017151,,,,,
1702,1.3175504207611084,,,,,
1703,0.25602486729621887,,,,,
1704,0.5539713501930237,,,,,
1705,0.6623650193214417,,,,,
1706,0.1058933213353157,,,,,
1707,0.42703312635421753,,,,,
1708,0.28966185450553894,,,,,
1709,0.7294666767120361,,,,,
1710,1.188439965248108,,,,,
1711,0.03576841205358505,,,,,
1712,0.6317248344421387,,,,,
1713,0.31513139605522156,,,,,
1714,0.2921418249607086,,,,,
1715,0.5926933884620667,,,,,
1716,0.29749050736427307,,,,,
1717,0.2351943403482437,,,,,
1718,0.16197006404399872,,,,,
1719,0.386015385389328,,,,,
1720,0.620029866695404,,,,,
1721,0.28148356080055237,,,,,
1722,0.4282486140727997,,,,,
1723,0.14070706069469452,,,,,
1724,0.741848886013031,,,,,
1725,0.052946675568819046,,,,,
1726,0.16136984527111053,,,,,
1727,0.5018251538276672,,,,,
1728,1.0844618082046509,,,,,
1729,0.5211068391799927,,,,,
1730,0.16649548709392548,,,,,
1731,0.11928215622901917,,,,,
1732,0.4974139630794525,,,,,
1733,0.1559542566537857,,,,,
1734,0.5275311470031738,,,,,
1735,0.3342062830924988,,,,,
1736,0.21636272966861725,,,,,
1737,0.14920967817306519,,,,,
1738,0.6272059082984924,,,,,
1739,0.3029790222644806,,,,,
1740,0.3942636251449585,,,,,
1741,0.6616659164428711,,,,,
1742,0.22729496657848358,,,,,
1743,0.20591486990451813,,,,,
1744,1.0831679105758667,,,,,
1745,0.3725866675376892,,,,,
1746,0.3767220675945282,,,,,
1747,0.4204782545566559,,,,,
1748,0.46748536825180054,,,,,
1749,0.590696394443512,,,,,
1750,0.1895054429769516,,,,,
1751,0.3482053279876709,,,,,
1752,1.1793198585510254,,,,,
1753,0.24323593080043793,,,,,
1754,0.238434299826622,,,,,
1755,0.24288132786750793,,,,,
1756,0.8935551047325134,,,,,
1757,0.15504810214042664,,,,,
1758,0.11159215122461319,,,,,
1759,0.8301522135734558,,,,,
1760,0.266140878200531,,,,,
1761,0.07037024199962616,,,,,
1762,0.4814053773880005,,,,,
1763,0.14907121658325195,,,,,
1764,0.15921197831630707,,,,,
1765,0.29330432415008545,,,,,
1766,0.6685193777084351,,,,,
1767,0.22101673483848572,,,,,
1768,0.23811432719230652,,,,,
1769,0.23155739903450012,,,,,
1770,0.0925278589129448,,,,,
1771,0.06564664095640182,,,,,
1772,0.7301140427589417,,,,,
1773,0.4457949995994568,,,,,
1774,0.23357069492340088,,,,,
1775,0.14514049887657166,,,,,
1776,0.09949173778295517,,,,,
1777,1.0688918828964233,,,,,
1778,0.3877373933792114,,,,,
1779,0.7378590703010559,,,,,
1780,0.48764267563819885,,,,,
1781,0.32705843448638916,,,,,
1782,0.23118475079536438,,,,,
1783,0.19717063009738922,,,,,
1784,1.5939645767211914,,,,,
1785,1.2949550151824951,,,,,
1786,0.7765642404556274,,,,,
1787,0.47350379824638367,,,,,
1788,0.5035020112991333,,,,,
1789,0.22739927470684052,,,,,
1790,0.18577294051647186,,,,,
1791,1.2697522640228271,,,,,
1792,0.3068799674510956,,,,,
1793,0.5886054039001465,,,,,
1794,0.100742869079113,,,,,
1795,0.28045332431793213,,,,,
1796,0.42695173621177673,,,,,
1797,0.21014517545700073,,,,,
1798,0.7290236353874207,,,,,
1799,0.2046685516834259,,,,,
1800,0.1817375272512436,,,,,
1801,0.3014259338378906,,,,,
1802,0.4086781442165375,,,,,
1803,0.13251404464244843,,,,,
