,Unnamed: 0.4,Unnamed: 0.3,Unnamed: 0.2,Unnamed: 0.1,Unnamed: 0,resnet18,resnet34,mobilenetv2,inceptionv3,googlenet,densenet121
0,0,0,0,0,0,0.073266156,0.4024234,0.17466821,1.825521,4.6328583,0.16479197
1,1,1,1,1,1,0.13752542,0.32991263,0.33797833,1.9480106,5.0474405,0.1373218
2,2,2,2,2,2,0.07213234,0.52530694,0.35380223,1.8291521,5.219965,0.17765151
3,3,3,3,3,3,0.08770581,0.4466714,0.35755712,1.5325809,5.1259904,0.20954464
4,4,4,4,4,4,0.12627375,0.47793627,0.5258743,2.2277138,5.552273,0.25669536
5,5,5,5,5,5,0.077161066,0.55583394,0.4512192,2.294003,5.712072,0.25225487
6,6,6,6,6,6,0.15723436,0.6362388,0.7972633,1.6855224,5.34295,0.22908239
7,7,7,7,7,7,0.25694445,0.47036374,0.60159624,1.7856009,5.4046383,0.25356436
8,8,8,8,8,8,0.3477802,0.62248695,0.4548995,1.7205361,4.9290543,0.26960656
9,9,9,9,9,9,0.4531924,0.74208754,0.4218549,2.1217272,5.431123,0.3093832
10,10,10,10,10,10,0.3846124,0.49038556,0.33452788,1.6321564,5.4511003,0.31312168
11,11,11,11,11,11,0.36588916,0.44622892,0.54578185,1.4668761,5.7859817,0.33846146
12,12,12,12,12,12,0.42051443,0.7529109,0.7502898,1.815754,5.7544737,0.38657224
13,13,13,13,13,13,0.47282898,0.6830916,0.70966977,1.5914859,5.7879825,0.37770858
14,14,14,14,14,14,0.5738742,0.7668347,0.4668697,1.237205,5.7002296,0.4340854
15,15,15,15,15,15,0.5508306,0.66544974,0.5450219,1.7128822,5.608547,0.40706325
16,16,16,16,16,16,0.5218151,0.66779804,0.69226605,1.4341296,5.6248994,0.42376626
17,17,17,17,17,17,0.63362277,0.7229813,0.48264915,1.4350576,5.607686,0.51798445
18,18,18,18,18,18,0.65952194,0.60056174,0.5860236,1.7472558,5.611522,0.49251297
19,19,19,19,19,19,0.7371793,0.7790877,0.21382424,1.8910223,5.574941,0.43006498
20,20,20,20,20,20,0.5533994,0.5437656,0.51734984,1.7096012,7.300998,0.33485642
21,21,21,21,21,21,0.5045136,0.60076123,0.42350334,1.661355,5.3672976,0.42741358
22,22,22,22,22,22,0.4980766,0.548709,0.42839408,1.8299073,5.423993,0.4510898
23,23,23,23,23,23,0.36717302,0.42801836,0.47933075,1.60361,5.23825,0.35285437
24,24,24,24,24,24,0.37302157,0.39848644,0.49385834,1.5687618,5.362874,0.3115311
25,25,25,25,25,25,0.30210823,0.37950996,0.20317534,1.4789882,5.091542,0.2656822
26,26,26,26,26,26,0.31355795,0.34813046,0.37571272,1.5844839,5.227901,0.24921097
27,27,27,27,27,27,0.15430805,0.23501815,0.5915517,1.2673253,5.424494,0.24050674
28,28,28,28,28,28,0.24973325,0.22273779,0.28646767,1.1259856,4.8326616,0.21776734
29,29,29,29,29,29,0.21281119,0.2458296,0.2382982,1.5521533,5.09005,0.19095372
30,30,30,30,30,30,0.07044486,0.17834124,0.12862536,1.1526362,5.1580105,0.18940327
31,31,31,31,31,31,0.057423957,0.096187204,0.11512043,1.3230711,5.061308,0.18088709
32,32,32,32,32,32,0.049788233,0.056176595,0.14920723,1.1214393,5.5093694,0.19539995
33,33,33,33,33,33,-0.049553446,0.0627451,-0.120624095,1.1597277,4.89426,0.07212829
34,34,34,34,34,34,-0.048390392,0.010787216,0.15863855,0.9627407,4.6278925,0.034071118
35,35,35,35,35,35,-0.12895568,-0.111341685,-0.1187272,1.2731608,4.77564,0.059071314
36,36,36,36,36,36,-0.20906065,-0.13167728,-0.15908903,1.4724914,5.2280188,-0.013997192
37,37,37,37,37,37,-0.2571325,-0.16822007,0.073532104,1.7190381,5.072019,-0.126681
38,38,38,38,38,38,-0.3839261,-0.23563746,-0.169239,1.4039235,4.8215423,-0.29646948
39,39,39,39,39,39,-0.26328447,-0.29970035,-0.61057013,1.6369134,4.7719116,-0.3042136
40,40,40,40,40,40,-0.3665012,-0.32837585,-0.19155115,1.5948721,5.065308,-0.33417958
41,41,41,41,41,41,-0.52626264,-0.28630656,-0.41456386,1.6576923,4.7601557,-0.5300566
42,42,42,42,42,42,-0.6183359,-0.42410222,-0.2605508,1.5459803,4.716447,-0.59661955
43,43,43,43,43,43,-0.62662053,-0.46579027,-0.42141303,1.1587833,5.101998,-0.6763827
44,44,44,44,44,44,-0.6808681,-0.5416993,-0.29939806,1.1888456,5.3830776,-0.77960247
45,45,45,45,45,45,-0.91779613,-0.5767153,-0.4238958,1.5759944,5.887621,-0.89415365
46,46,46,46,46,46,-0.92165786,-0.8011231,-0.5641419,1.5200876,6.001755,-0.9284139
47,47,47,47,47,47,-0.9805293,-0.8127656,-0.89177704,1.5091764,5.5682535,-1.0176015
48,48,48,48,48,48,-1.0491908,-0.90049124,-0.8262924,1.4854388,5.706599,-1.2999431
49,49,49,49,49,49,-1.159959,-1.0413101,-1.3250781,1.1810566,4.7500753,-1.396863
50,50,50,50,50,50,-1.2400973,-1.0722586,-1.0589954,1.1643645,5.443196,-1.4462523
51,51,51,51,51,51,-1.3602986,-1.0829885,-1.4653893,0.88647825,6.264756,-1.6168685
52,52,52,52,52,52,-1.3657,-1.270626,-1.494951,0.8020588,5.2586126,-1.7404119
53,53,53,53,53,53,-1.5537798,-1.4286411,-1.5087739,1.2681774,4.6497974,-1.8252037
54,54,54,54,54,54,-1.5946624,-1.5237199,-1.7159182,0.9861615,5.931655,-1.979085
55,55,55,55,55,55,-1.6886411,-1.5913295,-2.008278,1.0610831,2.9573755,-2.0466418
56,56,56,56,56,56,-1.7014141,-1.7092334,-1.8273798,0.60295796,2.8351905,-2.093703
57,57,57,57,57,57,-1.7751139,-1.8607539,-1.9892031,0.5332926,1.9283733,-2.190831
58,58,58,58,58,58,-1.9112333,-1.8811023,-1.9130754,1.0539237,1.9429343,-2.2795253
59,59,59,59,59,59,-1.9140882,-1.8483609,-2.0947156,1.3384429,1.9053614,-2.3574383
60,60,60,60,60,60,-2.0033576,-1.9134223,-2.370049,0.75933087,-0.59345657,-2.4586942
61,61,61,61,61,61,-2.1269047,-1.9492979,-2.287004,0.7280234,-0.28425074,-2.6002874
62,62,62,62,62,62,-2.2237098,-2.2209635,-2.5886962,0.8997634,2.4495125,-2.767422
63,63,63,63,63,63,-2.3342671,-2.1241233,-2.47551,0.5078856,1.6265886,-2.8972316
64,64,64,64,64,64,-2.3795109,-2.2789078,-2.7511585,1.0745816,0.32379678,-3.101585
65,65,65,65,65,65,-2.666243,-2.4698408,-2.7791722,0.69959617,0.7281108,-3.303201
66,66,66,66,66,66,-2.6059225,-2.4614677,-2.9608307,0.4606881,5.641036,-3.4363363
67,67,67,67,67,67,-2.6804533,-2.699636,-2.7593048,0.7387976,4.3208103,-3.5376608
68,68,68,68,68,68,-2.8861535,-2.7178273,-2.8341475,0.615619,-0.44041404,-3.526027
69,69,69,69,69,69,-2.995003,-2.7698314,-2.9053116,-0.5709602,-3.206087,-3.6862047
70,70,70,70,70,70,-3.0035067,-3.0664537,-3.0760984,0.5224433,3.2818987,-3.6968217
71,71,71,71,71,71,-3.057202,-3.1618416,-3.260583,0.5682525,0.89292836,-3.7832227
72,72,72,72,72,72,-3.1818,-3.254862,-3.2165558,0.11611748,-3.2747161,-3.7861145
73,73,73,73,73,73,-3.1976929,-3.170981,-3.2261925,0.2826631,-1.62625,-3.9327211
74,74,74,74,74,74,-3.2741752,-3.3839414,-3.3499498,0.79809135,-1.4842442,-3.9780996
75,75,75,75,75,75,-3.363296,-3.6040673,-3.3690376,0.2462458,5.5658374,-4.10336
76,76,76,76,76,76,-3.3464007,-3.53603,-3.3875499,0.27843648,-3.6258848,-4.0274377
77,77,77,77,77,77,-3.4138913,-3.460718,-3.6647143,0.62433815,1.0291175,-3.9863966
78,78,78,78,78,78,-3.4575384,-3.636119,-3.582348,0.3120312,-3.6343346,-4.110355
79,79,79,79,79,79,-3.497887,-3.689628,-3.6410067,0.29506075,-3.3780837,-4.2430854
80,80,80,80,80,80,-3.5361018,-3.6903164,-3.669303,0.6100524,-2.847737,-4.415735
81,81,81,81,81,81,-3.5718262,-3.7430165,-3.8119314,0.38268864,-1.6386545,-4.6017604
82,82,82,82,82,82,-3.6282125,-3.8068407,-3.7685187,0.1417977,-3.8647676,-4.648898
83,83,83,83,83,83,-3.5944223,-3.9951324,-3.921838,0.014733144,-4.0374966,-4.8825407
84,84,84,84,84,84,-3.8007948,-4.0937786,-3.8788974,0.15106884,-2.828671,-4.839861
85,85,85,85,85,85,-3.9781232,-4.2266574,-3.8904333,-0.016873127,-3.438974,-4.923008
86,86,86,86,86,86,-4.1513715,-4.235303,-4.0978584,-0.0341407,-2.7095697,-4.860793
87,87,87,87,87,87,-4.0931334,-4.2747955,-4.4223866,0.45839658,-2.3015857,-4.987548
88,88,88,88,88,88,-4.189763,-4.3638105,-4.278811,0.13043228,-3.2728078,-5.064651
89,89,89,89,89,89,-4.4103785,-4.425822,-4.0439253,0.4573106,-2.706651,-5.056684
90,90,90,90,90,90,-4.26713,-4.446087,-4.147338,0.4923943,-1.9875209,-5.1886477
91,91,91,91,91,91,-4.2805476,-4.5766053,-4.1165757,0.1285036,-3.0632873,-5.203719
92,92,92,92,92,92,-4.3437696,-4.5854435,-4.3319654,0.46385777,-2.4982555,-5.2118983
93,93,93,93,93,93,-4.546311,-4.598472,-4.1820536,0.36805966,1.5045928,-5.2746906
94,94,94,94,94,94,-4.4411707,-4.820706,-4.633739,0.3169169,-3.119678,-5.497454
95,95,95,95,95,95,-4.5446515,-4.6799006,-4.6226845,0.6074804,-2.0136652,-5.3673153
96,96,96,96,96,96,-4.6741986,-4.6704106,-4.396947,0.68888175,-0.104405895,-5.3335185
97,97,97,97,97,97,-4.685342,-4.68622,-4.5672374,0.53297204,-2.6208084,-5.523239
98,98,98,98,98,98,-4.7373824,-4.793123,-4.7069497,0.65757984,-3.5877314,-5.5993595
99,99,99,99,99,99,-4.767128,-4.8957615,-5.013491,0.16463828,-3.8169234,-5.7301803
100,100,100,100,100,100,-4.788496,-4.7299666,-4.7023664,0.34041917,-4.068659,-5.8879366
101,101,101,101,101,101,-5.0136824,-4.7993293,-5.094432,0.24424541,-1.8983489,-5.7551684
102,102,102,102,102,102,-4.8561206,-4.840503,-4.6813655,0.22605962,-3.7980318,-5.9000206
103,103,103,103,103,103,-4.9088225,-4.8198724,-4.8606863,0.11588226,6.1378694,-5.859126
104,104,104,104,104,104,-4.955799,-4.953524,-5.5101767,0.22985464,0.19470403,-6.119594
105,105,105,105,105,105,-4.95081,-4.904932,-5.0969996,0.24905173,3.2563467,-5.7899942
106,106,106,106,106,106,-4.849452,-4.9447284,-5.4130692,0.15753531,1.3163443,-6.000235
107,107,107,107,107,107,-5.019042,-4.9425993,-5.0817313,0.23350024,5.861756,-5.839125
108,108,108,108,108,108,-5.013502,-4.720457,-4.8606014,0.26301906,0.3299052,-5.8258104
109,109,109,109,109,109,-5.0807147,-4.862918,-4.9892883,0.12105272,-0.6374122,-5.7534328
110,110,110,110,110,110,-5.041419,-4.7832584,-5.0392704,0.2664209,-4.6062894,-5.749763
111,111,111,111,111,111,-5.023903,-4.8207383,-4.8766637,0.030430198,-3.4409258,-5.689022
112,112,112,112,112,112,-5.0525966,-4.8221135,-4.926136,0.6347188,-3.8059711,-5.794756
113,113,113,113,113,113,-5.072954,-4.7631793,-4.8861384,0.7166985,-2.7046251,-5.964199
114,114,114,114,114,114,-5.1672463,-5.013147,-4.958112,0.83066154,-4.95588,-5.888315
115,115,115,115,115,115,-5.158068,-4.978374,-4.918349,0.1902596,-4.2605395,-5.8454337
116,116,116,116,116,116,-5.427209,-4.9066663,-5.104862,0.3782123,2.8772383,-5.746908
117,117,117,117,117,117,-5.101591,-4.910712,-5.012032,0.33933273,-3.2162492,-5.9059114
118,118,118,118,118,118,-5.2591004,-4.9191074,-4.635104,0.58929676,-4.3116636,-5.6597624
119,119,119,119,119,119,-5.093171,-4.7653556,-4.6329837,0.4824521,-4.9542694,-5.794367
120,120,120,120,120,120,-5.0618553,-4.7350736,-4.61643,0.5626684,-3.848274,-5.5106936
121,121,121,121,121,121,-4.835855,-4.74773,-5.1841087,0.4888934,0.3795317,-5.387831
122,122,122,122,122,122,-5.101041,-4.6511564,-4.8890624,0.5342672,-1.5600618,-5.479114
123,123,123,123,123,123,-5.2613173,-4.671637,-4.809832,0.6361689,1.3287818,-5.4507627
124,124,124,124,124,124,-4.9828734,-4.629182,-4.7031026,0.54759246,5.026113,-5.3598704
125,125,125,125,125,125,-5.389574,-4.5863366,-4.692984,0.40016368,-2.240963,-5.3731265
126,126,126,126,126,126,-5.1150193,-4.3698006,-4.53789,0.2845209,-1.9691468,-5.177409
127,127,127,127,127,127,-4.915608,-4.599626,-4.9201155,0.38613063,-2.867224,-5.3231025
128,128,128,128,128,128,-5.0918245,-4.3031654,-4.5378942,0.30035073,-2.663544,-5.094024
129,129,129,129,129,129,-4.774024,-4.3496056,-4.5308137,0.068728775,5.2019973,-5.054775
130,130,130,130,130,130,-4.9686627,-4.4275184,-5.0080667,0.18844491,1.1250529,-4.906444
131,131,131,131,131,131,-4.8477807,-4.1587067,-4.0894957,-0.038700275,-3.7875216,-4.792321
132,132,132,132,132,132,-4.912699,-4.2916737,-4.293179,0.14215928,-3.098955,-4.8795595
133,133,133,133,133,133,-4.7794704,-4.114702,-4.11603,0.25415176,-3.9314857,-4.7967353
134,134,134,134,134,134,-4.720885,-4.4090657,-4.600563,0.17889631,-2.7051163,-4.776489
135,135,135,135,135,135,-4.707999,-4.0328007,-4.091238,0.05650743,-3.0773997,-4.8700824
136,136,136,136,136,136,-4.5226183,-4.1614456,-4.1640673,0.038952567,0.21790047,-4.78126
137,137,137,137,137,137,-4.420347,-4.1010346,-4.391815,0.08284293,-3.27763,-4.7172747
138,138,138,138,138,138,-4.4710207,-3.856686,-4.155234,-0.0048071723,-2.3728166,-4.4363894
139,139,139,139,139,139,-4.335305,-3.666745,-3.9361331,0.028158307,1.6115229,-4.448491
140,140,140,140,140,140,-4.5105233,-3.553185,-4.137422,-0.10989133,1.8546095,-4.2838516
141,141,141,141,141,141,-4.1404853,-3.4520807,-3.9859474,-0.17889331,-1.4873437,-4.263666
142,142,142,142,142,142,-4.3517275,-3.3819907,-4.3124647,-0.1483914,3.1714947,-4.1693234
143,143,143,143,143,143,-4.069151,-3.084973,-3.7253048,-0.20966288,-0.12421846,-4.1247334
144,144,144,144,144,144,-4.209611,-3.011527,-3.9975567,-0.27348715,3.5859623,-3.690816
145,145,145,145,145,145,-3.488054,-2.9340084,-3.5915515,-0.30899346,4.1063285,-3.9189262
146,146,146,146,146,146,-3.4125152,-2.9204004,-3.6648662,-0.2005369,2.6860206,-3.6991675
147,147,147,147,147,147,-3.5221083,-2.9560375,-3.6701005,-0.25379017,2.0926785,-3.6647987
148,148,148,148,148,148,-3.2018712,-2.7849298,-3.3944182,0.016236639,2.7006087,-3.5287395
149,149,149,149,149,149,-3.1207922,-2.8873453,-3.3452613,-0.114037685,3.7789044,-3.5609539
150,150,150,150,150,150,-3.033207,-2.5955431,-3.768145,-0.061776068,-1.4508669,-3.8772616
151,151,151,151,151,151,-2.9697156,-2.3596487,-3.3034763,0.009811993,3.49805,-3.43261
152,152,152,152,152,152,-2.9035673,-2.583403,-3.534323,0.100094706,4.396496,-3.484798
153,153,153,153,153,153,-2.7583706,-2.2307806,-3.109195,0.11627628,2.6074886,-3.1461782
154,154,154,154,154,154,-2.676436,-1.9343505,-2.9925458,0.1917089,3.6545553,-3.0473936
155,155,155,155,155,155,-2.585583,-2.0451763,-3.0410857,0.05883866,2.1191382,-3.129523
156,156,156,156,156,156,-2.4806073,-1.9063953,-3.2462044,0.3708323,3.064927,-3.0687091
157,157,157,157,157,157,-2.163961,-1.7564914,-2.9884868,0.2351032,1.83458,-2.8251638
158,158,158,158,158,158,-2.1254668,-1.6906451,-2.7357786,0.5208544,3.094187,-2.5566373
159,159,159,159,159,159,-1.9953508,-1.7421035,-2.8762794,0.41388127,4.4439635,-2.4880984
160,160,160,160,160,160,-2.0808582,-1.6063498,-2.608394,0.5634577,2.7812932,-2.364288
161,161,161,161,161,161,-1.792931,-1.484168,-2.5591981,0.56535906,3.2259917,-2.2336981
162,162,162,162,162,162,-1.7244041,-1.3706584,-2.4429562,0.59418803,1.7968923,-2.055938
163,163,163,163,163,163,-1.5809473,-1.2146665,-2.1599998,0.5150317,1.1472399,-1.9099773
164,164,164,164,164,164,-1.4192537,-1.2661136,-1.7900392,0.569131,2.1299138,-1.5067645
165,165,165,165,165,165,-1.4091228,-1.0848732,-1.9536054,0.6782369,0.99125123,-1.5825946
166,166,166,166,166,166,-1.1247032,-0.84478253,-1.6799065,0.67397827,0.9448372,-1.4186561
167,167,167,167,167,167,-1.2734021,-0.73630995,-1.4206915,0.46831828,0.94666374,-1.4718184
168,168,168,168,168,168,-0.9161485,-0.6009789,-1.6352118,1.0506918,1.804828,-1.1962754
169,169,169,169,169,169,-0.7747018,-0.43437204,-1.2636706,1.0809436,2.2937593,-1.1001027
170,170,170,170,170,170,-0.79166776,-0.38346386,-1.164322,1.1815732,2.2380044,-1.0399703
171,171,171,171,171,171,-0.7017248,-0.21142487,-0.80163246,1.482706,2.4479215,-0.90786505
172,172,172,172,172,172,-0.47747427,-0.036001712,-0.4577234,1.457044,3.3572206,-0.6104458
173,173,173,173,173,173,-0.36286786,0.07948547,-0.45117494,1.4849919,3.0572765,-0.45846468
174,174,174,174,174,174,-0.109753236,0.25544906,-0.33953664,1.6369628,3.2854376,-0.24520506
175,175,175,175,175,175,-0.1519559,0.26393878,-0.36739105,1.1492143,3.2599344,-0.050079584
176,176,176,176,176,176,-0.05160741,0.52275425,-0.29391786,1.3863508,3.3373132,0.083727226
177,177,177,177,177,177,0.11688118,0.69155,0.030883498,1.2846377,3.1774657,-0.112278916
178,178,178,178,178,178,0.1477611,0.8729799,0.009840701,1.1632738,3.2493896,0.24443111
179,179,179,179,179,179,0.14069015,0.8716826,0.016920673,1.4894012,3.3738568,0.2793398
180,180,180,180,180,180,0.37971774,0.8912725,0.16023874,1.7999592,3.7479458,0.33000293
181,181,181,181,181,181,0.5538013,1.2217227,0.300056,1.7820929,3.6696253,0.5330941
182,182,182,182,182,182,0.5469297,1.1294496,0.18663982,1.5811234,3.5729985,0.47714418
183,183,183,183,183,183,1.1359577,1.0930988,0.27245158,1.4379336,3.8246527,0.7650597
184,184,184,184,184,184,0.8775785,1.4685125,0.4137936,2.7495959,4.274453,1.0383159
185,185,185,185,185,185,0.8274795,1.179767,0.48437208,1.5713062,4.2362995,0.8459906
186,186,186,186,186,186,1.33155,1.348954,0.5876514,1.9447895,4.157789,0.89770836
187,187,187,187,187,187,1.2728019,1.5939796,0.3422083,2.5476193,4.1402183,1.0551598
188,188,188,188,188,188,1.3534894,1.6229893,0.7305392,2.36428,4.1259446,1.1175882
189,189,189,189,189,189,1.463448,1.8571049,0.78155816,2.5087497,4.2786446,1.1604908
190,190,190,190,190,190,1.4772588,1.9034479,0.9232065,2.5113802,4.4235334,1.2124435
191,191,191,191,191,191,1.6296929,1.853463,0.881744,2.3849971,4.686594,1.3194085
192,192,192,192,192,192,1.6051815,2.1342385,1.0941832,2.8499815,4.9108934,1.4289647
193,193,193,193,193,193,1.6514739,2.4809525,1.3834786,3.0765195,5.0964684,1.5057249
194,194,194,194,194,194,1.8941898,2.1706786,1.0424162,2.970527,5.3664494,1.4465747
195,195,195,195,195,195,1.7689809,2.3983927,1.3695666,3.3790882,5.0397906,1.5283679
196,196,196,196,196,196,1.9975685,2.2768373,1.2944734,3.5510771,5.03998,1.5948572
197,197,197,197,197,197,1.9197599,2.4466555,1.4785038,3.4775999,5.1068554,1.5927706
198,198,198,198,198,198,2.2897012,2.5636752,1.3027428,3.5580423,5.201831,1.5284678
199,199,199,199,199,199,2.097974,2.4685616,1.4112707,3.3673527,5.240812,1.6861897
200,200,200,200,200,200,2.1443844,2.6480515,1.5634298,3.4637523,5.6581454,1.8227841
201,201,201,201,201,201,2.2173064,2.6797647,1.5801793,3.5112405,5.388687,1.6884854
202,202,202,202,202,202,2.1693683,2.574203,1.824466,3.52238,5.6263814,1.8378122
203,203,203,203,203,203,2.0849855,2.5157793,1.6619704,3.5179152,5.356023,1.8295788
204,204,204,204,204,204,2.1704974,2.589081,2.091865,3.3578508,5.9555774,1.8518695
205,205,205,205,205,205,2.3524187,2.6156254,1.6230321,3.8783665,5.7944646,2.0677974
206,206,206,206,206,206,2.2046423,2.6007485,1.9068738,3.7247884,5.423795,2.0327713
207,207,207,207,207,207,2.1746643,2.541753,1.8425226,3.6400437,5.815321,2.0458875
208,208,208,208,208,208,2.1654973,2.6738458,1.7709378,3.71714,8.1826725,1.9332819
209,209,209,209,209,209,2.2716427,3.0847514,1.7678392,3.6114035,5.6513433,2.0524688
210,210,210,210,210,210,2.2689426,2.6926353,1.5163739,3.7600775,5.921766,2.080244
211,211,211,211,211,211,2.220519,2.3607695,1.5147884,3.7738547,6.015376,2.0328636
212,212,212,212,212,212,2.317424,2.6318789,1.8094903,3.5790071,6.5195937,2.115161
213,213,213,213,213,213,2.3558815,2.629004,1.7109096,3.7030594,7.0662155,2.0251515
214,214,214,214,214,214,2.3393059,2.5389595,1.8258936,3.7079792,6.192942,1.9561849
215,215,215,215,215,215,2.1836677,2.5450594,1.6987993,3.5198395,5.910232,2.0802758
216,216,216,216,216,216,2.2771282,2.7509196,1.8071442,3.716135,6.403248,2.0821896
217,217,217,217,217,217,2.2971,2.8917572,1.7797972,3.6270242,6.619484,1.8795049
218,218,218,218,218,218,2.2115254,2.4971683,1.7043853,3.9122438,6.5081744,1.9826881
219,219,219,219,219,219,2.1956735,2.703335,1.6775639,3.7477648,5.6750073,1.9654461
220,220,220,220,220,220,2.280644,2.219898,1.7127341,3.8710334,4.9747086,1.8105499
221,221,221,221,221,221,2.2504218,2.3100326,1.4644151,3.4665422,5.2870946,1.7741283
222,222,222,222,222,222,2.0072107,2.593495,1.4814705,3.2032669,5.188524,1.703613
223,223,223,223,223,223,2.1069014,2.1938818,1.5132091,3.3890657,4.889401,1.590059
224,224,224,224,224,224,2.0583885,2.185536,1.4472551,3.5714045,5.2915916,1.6057863
225,225,225,225,225,225,1.9973295,2.2023551,1.4787502,3.2844644,5.4360194,1.6614327
226,226,226,226,226,226,1.7980801,2.074295,1.3260449,3.0416813,5.0733976,1.6976272
227,227,227,227,227,227,1.8967725,2.2572088,1.3456155,3.2018754,4.5504174,1.5169712
228,228,228,228,228,228,1.6643369,2.0395353,1.4292572,3.170135,4.5178127,1.4513967
229,229,229,229,229,229,1.5126696,1.8670684,1.1919892,2.9923875,4.7824435,1.2922167
230,230,230,230,230,230,1.4983041,1.7936592,1.0673218,3.1630216,4.2421627,1.2638901
231,231,231,231,231,231,1.4117761,1.5944993,0.832335,2.623981,3.770873,1.1978325
232,232,232,232,232,232,1.3858263,2.0276263,0.7645207,3.2147985,4.388828,1.1145643
233,233,233,233,233,233,1.3561258,1.699328,0.7756955,2.8687131,4.147793,1.0312445
234,234,234,234,234,234,1.1643459,1.6649067,0.82078695,2.5968413,4.1159396,1.0927149
235,235,235,235,235,235,1.1316242,1.5354335,0.5805263,2.6862364,4.877682,0.9363707
236,236,236,236,236,236,0.9605181,1.2918988,0.55755764,2.5689924,4.098453,0.89372164
237,237,237,237,237,237,0.814897,1.0344279,0.3930439,2.6094072,5.3402452,0.7308473
238,238,238,238,238,238,0.6892911,0.9774182,0.075425245,2.4189482,4.194226,0.6993846
239,239,239,239,239,239,0.63412964,0.627728,0.05357504,2.067753,3.5414286,0.54737985
240,240,240,240,240,240,0.43302542,0.64903325,0.13702564,2.1071825,4.055446,0.37711477
241,241,241,241,241,241,0.36578435,0.36854002,0.013822221,2.1635833,4.364588,0.32268843
242,242,242,242,242,242,-0.006920689,0.4183894,-0.387748,1.508098,3.9531362,0.21028294
243,243,243,243,243,243,0.14998133,0.17742012,-0.19117479,1.3004167,3.5779443,0.15167928
244,244,244,244,244,244,0.023780582,-0.12679328,-0.29229012,1.5378929,2.3979695,0.14656475
245,245,245,245,245,245,-0.39352518,-0.2855975,-0.50340426,1.582944,2.109579,-0.05252906
246,246,246,246,246,246,-0.4596354,-0.26848918,-0.7108594,1.4309126,3.1060474,-0.2321626
247,247,247,247,247,247,-0.63517535,-0.41690663,-1.3089952,1.297014,3.5615299,-0.48338377
248,248,248,248,248,248,-0.7719232,-0.60596925,-1.0773398,1.4837706,3.286518,-0.6425851
249,249,249,249,249,249,-0.6889529,-0.8520285,-1.132904,1.7228526,3.3030946,-0.9084183
250,250,250,250,250,250,-0.9130176,-0.73151815,-1.6170229,0.86543316,2.4904912,-1.2182281
251,251,251,251,251,251,-1.2886972,-1.4183047,-1.8249639,1.1105741,2.8486834,-1.4643246
252,252,252,252,252,252,-1.368777,-1.6838697,-2.1342413,1.5444094,2.8995986,-1.8493046
253,253,253,253,253,253,-1.7807618,-2.1463835,-2.3186896,1.0778772,3.5919523,-1.8591874
254,254,254,254,254,254,-1.8907437,-2.1468928,-2.4722538,0.9281842,2.0566976,-2.2772293
255,255,255,255,255,255,-1.9614313,-2.248665,-2.8004777,0.85683566,2.8232512,-2.5683897
256,256,256,256,256,256,-2.1863194,-2.6483157,-2.8613226,0.9105064,4.8921704,-2.764998
257,257,257,257,257,257,-2.3313744,-2.973149,-3.2738612,0.60161453,-0.5166983,-3.197841
258,258,258,258,258,258,-2.5515683,-3.2203097,-3.2947426,0.7841505,-1.1338149,-3.4338996
259,259,259,259,259,259,-2.864823,-3.5722651,-3.5298061,0.40404963,-0.17882064,-3.6720846
260,260,260,260,260,260,-3.036054,-3.8268528,-3.6499019,0.31966266,-0.48370942,-3.9633725
261,261,261,261,261,261,-3.1395423,-3.871721,-3.7260306,0.023563724,5.2423086,-4.178417
262,262,262,262,262,262,-3.2784047,-4.1069083,-3.7957067,-0.1456303,-3.425863,-4.329533
263,263,263,263,263,263,-3.4700487,-4.4294086,-3.8390386,0.056501456,1.5968413,-4.6638894
264,264,264,264,264,264,-3.99698,-4.66785,-4.22438,-0.38617545,1.9608024,-4.932981
265,265,265,265,265,265,-4.211609,-4.8867364,-4.8027844,-0.33993638,3.6075325,-5.4339137
266,266,266,266,266,266,-4.2795787,-5.0703964,-4.685314,-0.3142429,4.1639338,-5.504212
267,267,267,267,267,267,-4.627953,-5.4922466,-5.293638,-0.3377571,6.560871,-5.9782343
268,268,268,268,268,268,-4.875271,-5.804172,-5.660166,-0.49391997,6.8919873,-6.213115
269,269,269,269,269,269,-5.370532,-6.112321,-5.9902434,-0.62082446,1.509435,-6.439729
270,270,270,270,270,270,-5.7088084,-6.329405,-6.307829,-0.6566842,5.391616,-6.8876843
271,271,271,271,271,271,-5.8055573,-6.4459023,-6.458193,-0.6944129,1.140514,-7.184587
272,272,272,272,272,272,-6.1748013,-6.9457817,-6.891057,-0.6896847,0.36212957,-7.322525
273,273,273,273,273,273,-6.7993093,-6.844487,-6.9448624,-0.7517895,1.0542328,-7.7855086
274,274,274,274,274,274,-7.041969,-7.1820803,-7.6056004,-0.6725734,2.8056793,-8.008789
275,275,275,275,275,275,-7.6477365,-7.291331,-7.9707227,-0.5873249,4.0794554,-8.467667
276,276,276,276,276,276,-7.8438497,-7.396312,-7.8806734,-0.64533377,0.23720771,-8.648454
277,277,277,277,277,277,-8.17772,-8.10204,-8.655072,-0.5436805,2.2508516,-8.773987
278,278,278,278,278,278,-8.607338,-8.491905,-8.993438,-0.6047765,6.5019484,-9.08478
279,279,279,279,279,279,-8.950817,-8.435121,-9.266197,-0.61224234,7.540426,-9.64091
280,280,280,280,280,280,-9.511594,-8.847232,-9.227281,-0.5412331,1.6274397,-9.72243
281,281,281,281,281,281,-9.81813,-9.336275,-9.813868,-0.0011035023,-0.10959438,-10.11219
282,282,282,282,282,282,-9.904591,-10.225695,-9.838717,-0.08505037,-3.0448008,-10.474407
283,283,283,283,283,283,-10.273377,-10.334607,-10.411631,0.28712362,-1.563783,-10.729139
284,284,284,284,284,284,-10.492245,-10.805735,-10.385807,0.278883,-1.2614344,-11.228895
285,285,285,285,285,285,-10.558757,-11.1092205,-10.959572,0.42651284,-3.1374762,-11.635201
286,286,286,286,286,286,-10.711815,-11.4147415,-11.120556,0.51358753,-1.3688669,-11.738684
287,287,287,287,287,287,-11.336442,-11.873677,-11.460763,0.638793,-4.4053016,-11.952305
288,288,288,288,288,288,-11.588841,-12.244365,-12.027323,0.41678667,-6.0763097,-12.421802
289,289,289,289,289,289,-11.910982,-12.569324,-12.855793,0.4013991,-10.31106,-12.737745
290,290,290,290,290,290,-12.037502,-12.948539,-12.817246,0.23255812,-5.648015,-13.1929865
291,291,291,291,291,291,-12.407128,-13.22759,-13.788419,0.27851802,-3.2994661,-13.79236
292,292,292,292,292,292,-12.755244,-13.508742,-13.987265,0.20802365,-2.998085,-14.097728
293,293,293,293,293,293,-13.076463,-14.369639,-14.159909,-0.0022445708,-3.313182,-14.686359
294,294,294,294,294,294,-13.307596,-14.548372,-14.95727,-0.18824385,-4.4992013,-14.862749
295,295,295,295,295,295,-13.8768425,-15.188537,-15.480823,-0.0018753137,-5.4719787,-15.317735
296,296,296,296,296,296,-14.535799,-15.654326,-15.504469,-0.27634603,-5.5225787,-15.400276
297,297,297,297,297,297,-14.487175,-16.016275,-15.479675,-0.11460075,-7.297945,-15.918163
298,298,298,298,298,298,-15.063293,-16.21262,-16.394974,0.14277698,-9.46132,-16.425102
299,299,299,299,299,299,-13.705797,-16.427908,-16.497013,0.5008313,-6.0230265,-16.362432
300,300,300,300,300,300,-15.929076,-17.524513,-17.222275,0.1349005,-11.510439,-17.13155
301,301,301,301,301,301,-16.602568,-18.06187,-17.482939,0.4561708,-6.5418277,-17.79136
302,302,302,302,302,302,-16.746876,-18.350239,-17.593971,0.30681378,-12.201183,-17.934223
303,303,303,303,303,303,-17.431263,-20.405416,-18.100657,0.31107154,-15.05452,-18.889074
304,304,304,304,304,304,-17.915697,-20.889742,-18.485699,0.52262086,-15.20032,-19.420969
305,305,305,305,305,305,-18.314144,-21.39814,-19.12212,0.33422333,-12.755773,-20.086094
306,306,306,306,306,306,-18.26489,-21.278143,-19.549929,0.21570334,-18.451452,-20.14226
307,307,307,307,307,307,-19.298532,-22.04675,-20.158962,0.3581465,-18.579021,-20.80297
308,308,308,308,308,308,-20.024122,-22.84166,-20.827835,-0.12644814,-18.554039,-21.149866
309,309,309,309,309,309,-20.098198,-24.128468,-21.020487,-0.18361512,-18.967943,-21.571917
310,310,310,310,310,310,-20.64271,-23.682718,-21.646973,-0.610265,-19.885916,-22.175522
311,311,311,311,311,311,-20.90377,-24.612097,-22.025818,-0.6110261,-19.628807,-22.384474
312,312,312,312,312,312,-21.659313,-24.234083,-22.670498,-0.894963,-20.080992,-23.019476
313,313,313,313,313,313,-22.370169,-24.60934,-22.95043,-1.1330404,-20.346163,-24.014677
314,314,314,314,314,314,-22.586775,-24.341442,-23.414845,-1.0370122,-21.509743,-24.509975
315,315,315,315,315,315,-23.09206,-25.024624,-24.18429,-0.83541065,-21.207355,-25.171303
316,316,316,316,316,316,-23.490053,-24.124506,-24.860561,-0.7090355,-21.775633,-25.517328
317,317,317,317,317,317,-24.1156,-23.656803,-25.1965,-0.97135997,-22.60955,-26.234491
318,318,318,318,318,318,-24.117281,-23.05632,-25.161856,-1.2653817,-24.2391,-27.18186
319,319,319,319,319,319,-24.536987,-22.445786,-25.609573,-1.5312514,-24.42222,-27.34474
320,320,320,320,320,320,-24.946682,-21.921406,-25.568476,-2.3680785,-24.43335,-28.04078
321,321,321,321,321,321,-25.26778,-18.736708,-26.16263,-2.9319644,-25.110355,-28.236649
322,322,322,322,322,322,-25.795605,-21.90021,-26.804638,-3.088713,-24.69036,-28.69993
323,323,323,323,323,323,-26.661287,-20.624651,-27.146019,-4.9126287,-25.593311,-28.822847
324,324,324,324,324,324,-26.51548,-21.951008,-27.126604,-5.948663,-26.172556,-29.170025
325,325,325,325,325,325,-26.753996,-22.006449,-26.996279,-7.7407193,-26.586927,-28.91528
326,326,326,326,326,326,-26.912498,-23.35391,-27.233767,-6.3865614,-26.909159,-29.208387
327,327,327,327,327,327,-27.493694,-22.62194,-27.549913,-7.9533997,-26.956425,-29.619804
328,328,328,328,328,328,-28.410929,-24.201141,-27.84038,-9.549778,-27.93789,-29.560009
329,329,329,329,329,329,-28.697285,-22.27,-28.171766,-10.977065,-27.923326,-29.860678
330,330,330,330,330,330,-29.172625,-22.673317,-28.304344,-12.926131,-27.754953,-29.95242
331,331,331,331,331,331,-29.265713,-24.68903,-28.781275,-12.758397,-28.194164,-30.120384
332,332,332,332,332,332,-29.802416,-24.877613,-29.137585,-15.552575,-27.846592,-30.395208
333,333,333,333,333,333,-30.020462,-25.348438,-29.45827,-12.639958,-28.139273,-30.335876
334,334,334,334,334,334,-30.403875,-26.689606,-29.5493,-14.316838,-29.293137,-30.60258
335,335,335,335,335,335,-30.407614,-26.327728,-29.612486,-12.975764,-28.9029,-30.386574
336,336,336,336,336,336,-30.511795,-26.14738,-29.637133,-15.249523,-29.356602,-30.715092
337,337,337,337,337,337,-30.690111,-27.106113,-30.037687,-17.573717,-27.883722,-30.909992
338,338,338,338,338,338,-30.966751,-26.545658,-30.159058,-17.080587,-29.762865,-31.090483
339,339,339,339,339,339,-31.321026,-26.575224,-30.304787,-17.394869,-29.526203,-31.365866
340,340,340,340,340,340,-31.436687,-26.51258,-30.60098,-18.248274,-30.04561,-31.355478
341,341,341,341,341,341,-31.618092,-28.836552,-30.431879,-16.058012,-30.889393,-31.537931
342,342,342,342,342,342,-31.573675,-28.644245,-30.858667,-18.7366,-30.662588,-31.844225
343,343,343,343,343,343,-31.461826,-28.428127,-30.808338,-18.402695,-30.646729,-31.82232
344,344,344,344,344,344,-31.594278,-29.142387,-31.222057,-18.859135,-30.11942,-31.94313
345,345,345,345,345,345,-31.81282,-28.633415,-31.479914,-18.344244,-30.34983,-32.470215
346,346,346,346,346,346,-31.641926,-29.967854,-32.1964,-17.658773,-31.57337,-32.386948
347,347,347,347,347,347,-32.113316,-31.204649,-31.841753,-19.965038,-31.434837,-32.284184
348,348,348,348,348,348,-31.952795,-30.918915,-31.908216,-22.435728,-31.291174,-31.578773
349,349,349,349,349,349,-32.13032,-31.267132,-31.989737,-23.320726,-32.72611,-32.26037
350,350,350,350,350,350,-32.083042,-32.574646,-32.067825,-23.94226,-31.247984,-32.384018
351,351,351,351,351,351,-32.312515,-31.613054,-31.504337,-21.806246,-31.856256,-32.5529
352,352,352,352,352,352,-32.500088,-31.7928,-31.573391,-22.086163,-31.376726,-32.551273
353,353,353,353,353,353,-32.734562,-32.04197,-31.88162,-23.075645,-31.442358,-32.65736
354,354,354,354,354,354,-32.5005,-32.633713,-31.456966,-21.240143,-29.966497,-32.333317
355,355,355,355,355,355,-32.350437,-31.793657,-31.385094,-22.96162,-31.404833,-32.49853
356,356,356,356,356,356,-32.13046,-32.356823,-31.201128,-20.261608,-31.053886,-32.44244
357,357,357,357,357,357,-32.479717,-32.85601,-31.497635,-17.353884,-31.150862,-31.968855
358,358,358,358,358,358,-32.423477,-33.738766,-31.145836,-18.478683,-30.762672,-32.15748
359,359,359,359,359,359,-32.342728,-33.431133,-30.68297,-14.263508,-31.086266,-31.753862
360,360,360,360,360,360,-32.288803,-34.25173,-30.23031,-15.649134,-30.792,-31.361183
361,361,361,361,361,361,-32.33879,-33.948006,-30.680454,-18.554863,-30.718988,-32.064507
362,362,362,362,362,362,-32.219036,-33.414143,-29.83171,-17.352856,-31.67209,-31.289358
363,363,363,363,363,363,-32.757423,-34.0913,-29.757576,-17.604088,-30.138262,-31.423578
364,364,364,364,364,364,-32.429054,-33.356426,-29.446795,-20.043076,-30.005419,-31.92906
365,365,365,365,365,365,-32.292656,-33.327324,-28.877447,-21.852411,-30.373354,-31.806608
366,366,366,366,366,366,-32.100822,-32.913403,-28.993837,-19.541815,-29.866428,-31.714191
367,367,367,367,367,367,-31.870188,-32.556587,-28.883896,-22.813015,-30.20081,-31.468655
368,368,368,368,368,368,-31.798323,-32.301395,-28.545643,-22.47819,-29.605843,-31.866396
369,369,369,369,369,369,-31.793722,-32.15825,-28.873873,-21.320017,-29.297163,-31.928831
370,370,370,370,370,370,-32.148945,-32.406673,-28.996668,-21.456059,-29.809813,-30.904924
371,371,371,371,371,371,-32.006195,-31.982058,-28.979166,-23.116232,-29.434986,-31.587988
372,372,372,372,372,372,-31.763548,-31.649357,-28.623383,-22.39576,-28.806553,-31.46012
373,373,373,373,373,373,-31.354109,-31.633774,-28.713257,-19.51575,-27.718708,-31.163982
374,374,374,374,374,374,-30.98684,-31.529572,-28.831963,-23.776749,-28.264658,-31.01535
375,375,375,375,375,375,-30.71721,-30.688267,-28.83009,-22.5338,-28.198792,-31.093267
376,376,376,376,376,376,-31.430876,-30.803898,-28.671053,-22.48045,-29.757607,-30.616226
377,377,377,377,377,377,-31.217508,-30.941343,-28.5514,-24.203695,-29.003756,-30.971992
378,378,378,378,378,378,-30.99136,-30.770239,-28.314316,-23.860554,-28.929842,-30.647429
379,379,379,379,379,379,-30.765646,-30.942596,-28.634604,-22.077383,-29.205328,-30.213135
380,380,380,380,380,380,-30.715113,-30.568169,-28.331114,-21.865238,-29.435738,-30.528465
381,381,381,381,381,381,-30.51535,-30.904242,-28.484768,-23.458017,-28.850874,-30.41421
382,382,382,382,382,382,-30.331612,-30.818249,-28.440756,-24.30954,-28.274982,-30.296078
383,383,383,383,383,383,-30.361689,-30.759407,-28.399437,-22.388823,-28.192501,-29.829695
384,384,384,384,384,384,-30.530186,-30.599478,-28.340567,-22.512592,-28.911564,-29.658678
385,385,385,385,385,385,-30.166393,-30.267654,-28.333614,-23.112051,-29.297548,-29.602541
386,386,386,386,386,386,-30.08665,-30.567421,-28.324295,-23.282686,-27.780785,-29.567495
387,387,387,387,387,387,-29.805483,-30.292583,-28.137701,-21.551613,-28.20138,-29.62527
388,388,388,388,388,388,-29.664589,-30.488876,-28.002302,-20.378698,-28.491655,-29.37823
389,389,389,389,389,389,-29.289309,-29.820694,-27.503702,-23.388653,-27.703182,-28.9276
390,390,390,390,390,390,-29.105255,-29.300486,-26.995209,-19.884954,-27.649904,-28.808992
391,391,391,391,391,391,-28.979918,-29.475494,-27.19141,-21.85786,-27.474588,-28.56896
392,392,392,392,392,392,-28.955439,-29.398706,-26.874292,-20.106642,-27.021254,-28.750563
393,393,393,393,393,393,-28.68957,-29.383299,-27.133615,-22.355318,-26.749327,-28.54081
394,394,394,394,394,394,-28.896927,-31.725647,-26.706936,-13.730521,-26.118855,-28.245941
395,395,395,395,395,395,-28.18811,-28.525415,-26.761295,-18.67839,-26.478645,-28.047234
396,396,396,396,396,396,-28.079203,-28.518671,-26.463015,-19.566814,-25.096056,-27.99764
397,397,397,397,397,397,-27.629787,-28.104687,-26.307856,-21.525831,-25.003899,-27.944122
398,398,398,398,398,398,-27.173864,-28.021,-26.186659,-21.67292,-25.093836,-27.658699
399,399,399,399,399,399,-26.608147,-27.223951,-26.354454,-21.255062,-24.934294,-27.415537
400,400,400,400,400,400,-26.806734,-27.376516,-26.05787,-20.360138,-23.702646,-27.314163
401,401,401,401,401,401,-26.511856,-26.84475,-25.663311,-19.385914,-23.581423,-27.051243
402,402,402,402,402,402,-26.117073,-26.504051,-25.546072,-18.889591,-24.152575,-26.801197
403,403,403,403,403,403,-25.838745,-25.65211,-25.537355,-19.997908,-23.310951,-26.381134
404,404,404,404,404,404,-25.512363,-25.758862,-25.333279,-20.05464,-23.20263,-26.239805
405,405,405,405,405,405,-25.44752,-25.858908,-25.445196,-19.142078,-22.138533,-26.0112
406,406,406,406,406,406,-25.22836,-25.858183,-25.33972,-16.506254,-21.018682,-25.725672
407,407,407,407,407,407,-25.378242,-25.520061,-25.374891,-18.406624,-21.073023,-25.47537
408,408,408,408,408,408,-24.998432,-25.040764,-25.29274,-18.330683,-21.147621,-25.185154
409,409,409,409,409,409,-24.895576,-24.897015,-25.04335,-17.104183,-21.269938,-24.857292
410,410,410,410,410,410,-24.440395,-24.47417,-24.678757,-17.284575,-21.025093,-24.820393
411,411,411,411,411,411,-24.269724,-24.041443,-24.743834,-15.819735,-20.34049,-24.34559
412,412,412,412,412,412,-23.995014,-24.17229,-24.43343,-13.741637,-21.04012,-24.424274
413,413,413,413,413,413,-23.565722,-23.843578,-24.127554,-13.579719,-20.73684,-23.91097
414,414,414,414,414,414,-23.485392,-23.61389,-23.770796,-12.8323765,-21.06726,-23.794489
415,415,415,415,415,415,-23.295422,-23.88074,-23.156652,-10.212291,-20.96949,-23.549486
416,416,416,416,416,416,-23.155916,-23.063047,-22.725132,-10.976697,-19.6564,-23.065342
417,417,417,417,417,417,-22.717718,-22.6863,-22.331602,-8.78694,-20.470116,-23.062315
418,418,418,418,418,418,-22.340105,-22.495216,-22.01974,-9.713561,-18.491926,-22.787092
419,419,419,419,419,419,-22.283564,-22.56639,-22.137249,-8.771188,-19.011965,-22.601078
420,420,420,420,420,420,-21.656168,-22.045591,-21.997868,-7.320837,-19.397633,-22.211458
421,421,421,421,421,421,-21.715559,-21.846117,-21.335503,-7.2679853,-13.975059,-22.148153
422,422,422,422,422,422,-21.557207,-21.486893,-21.128704,-8.258594,-19.411833,-22.142242
423,423,423,423,423,423,-21.199759,-21.05515,-20.415945,-6.566027,-19.89699,-21.986109
424,424,424,424,424,424,-21.334051,-21.148659,-20.393541,-7.392616,-18.484295,-21.876028
425,425,425,425,425,425,-20.794413,-21.090895,-20.532549,-6.407385,-12.249135,-21.433405
426,426,426,426,426,426,-20.426954,-20.721037,-20.301111,-5.0750093,-16.604511,-21.326141
427,427,427,427,427,427,-20.072395,-20.737099,-20.075283,-6.6745877,-14.998396,-21.40721
428,428,428,428,428,428,-19.814152,-20.136715,-19.80878,-2.2710617,-17.628565,-20.785833
429,429,429,429,429,429,-19.804567,-20.223106,-19.49966,-5.115007,-14.696573,-20.9481
430,430,430,430,430,430,-19.347286,-19.759365,-19.625412,-5.0839486,-15.470806,-20.628311
431,431,431,431,431,431,-19.478285,-19.520632,-19.565248,-3.5456107,-15.787549,-20.439014
432,432,432,432,432,432,-19.353148,-19.316784,-19.537527,-2.9540422,-16.303053,-20.186321
433,433,433,433,433,433,-19.126215,-19.42815,-19.217302,-3.4707024,-15.919477,-20.049011
434,434,434,434,434,434,-19.20685,-19.40784,-19.224556,-4.46268,-15.842387,-19.827993
435,435,435,435,435,435,-18.8695,-19.066269,-18.789438,-2.8025281,-16.366268,-19.65362
436,436,436,436,436,436,-18.788565,-18.994621,-18.4239,-3.3966982,-15.6213045,-19.668161
437,437,437,437,437,437,-18.608223,-18.80047,-18.289766,-3.487953,-15.968433,-19.502773
438,438,438,438,438,438,-18.466465,-18.895302,-18.206493,-2.4603817,-15.535948,-19.29929
439,439,439,439,439,439,-18.052025,-18.351542,-17.925423,-2.9785156,-14.773796,-19.028708
440,440,440,440,440,440,-18.05787,-18.278805,-17.816984,-2.3115518,-14.907749,-18.998178
441,441,441,441,441,441,-16.786066,-18.097517,-17.346529,-1.2499745,-13.30228,-18.85168
442,442,442,442,442,442,-17.719551,-17.668213,-17.486517,-2.233843,-13.827542,-18.620876
443,443,443,443,443,443,-17.47437,-17.4852,-17.240845,-0.9568911,-13.769921,-18.581005
444,444,444,444,444,444,-17.438309,-17.654589,-17.00137,-0.3394813,-14.591857,-18.36978
445,445,445,445,445,445,-17.329756,-17.564783,-16.790155,-0.32234862,-13.932792,-18.218277
446,446,446,446,446,446,-17.059065,-17.352894,-16.59959,1.1220374,-7.375317,-18.153866
447,447,447,447,447,447,-16.815567,-17.135664,-16.566975,0.6364933,-14.106905,-17.947134
448,448,448,448,448,448,-16.684258,-16.637863,-16.556458,-0.7488141,-13.483884,-17.831064
449,449,449,449,449,449,-16.810059,-16.96165,-16.20904,0.28096068,-12.679049,-17.742973
450,450,450,450,450,450,-16.269674,-16.39301,-16.260405,0.5431861,-10.657968,-17.489637
451,451,451,451,451,451,-16.120642,-16.245024,-16.053047,0.63340014,-12.708156,-17.589321
452,452,452,452,452,452,-16.369112,-16.010155,-16.12751,-0.64448255,9.42445,-17.126587
453,453,453,453,453,453,-16.070093,-16.270557,-15.933241,1.7379841,-11.907747,-17.189419
454,454,454,454,454,454,-15.772007,-15.694927,-15.775722,2.0737185,-11.719558,-17.252117
455,455,455,455,455,455,-15.68961,-15.799535,-15.480613,2.1462774,8.696205,-17.007814
456,456,456,456,456,456,-15.585113,-15.883206,-15.342241,1.8600371,-6.9706454,-16.795399
457,457,457,457,457,457,-15.770616,-16.048155,-15.111162,1.7164841,10.4165535,-16.563217
458,458,458,458,458,458,-15.72275,-15.413343,-15.0755005,2.6039863,-2.8849318,-16.377163
459,459,459,459,459,459,-15.469378,-15.569475,-14.817714,2.6534734,-3.511196,-16.56975
460,460,460,460,460,460,-14.961166,-15.137195,-14.921587,2.2744625,-5.0380282,-16.106838
461,461,461,461,461,461,-14.872174,-14.955405,-14.529091,2.5389566,2.5029905,-15.939944
462,462,462,462,462,462,-14.702524,-14.729743,-14.880061,2.6779966,-8.608971,-15.925199
463,463,463,463,463,463,-14.622194,-14.385801,-14.754652,2.565199,-7.968096,-15.765086
464,464,464,464,464,464,-14.482077,-14.306173,-14.6293745,2.4887495,-7.926464,-15.766647
465,465,465,465,465,465,-14.539672,-14.236333,-14.29157,2.479132,0.36334658,-15.597451
466,466,466,466,466,466,-14.292048,-14.145799,-14.2436905,2.7018752,-4.9753227,-15.3061495
467,467,467,467,467,467,-14.339298,-14.321738,-14.44936,2.7786572,17.865433,-15.73069
468,468,468,468,468,468,-14.2819195,-13.744801,-13.964234,2.6213498,6.2922063,-15.216981
469,469,469,469,469,469,-14.030733,-13.490289,-13.821002,2.507251,3.969598,-15.032825
470,470,470,470,470,470,-13.800401,-13.42253,-13.597722,2.0930803,-0.38770974,-14.88856
471,471,471,471,471,471,-13.713385,-13.286524,-13.224884,2.2137482,9.304867,-14.682348
472,472,472,472,472,472,-13.672889,-13.01652,-13.433372,2.6576278,3.8670685,-14.739954
473,473,473,473,473,473,-13.400901,-12.941797,-13.216919,2.540115,14.7658825,-14.6308975
474,474,474,474,474,474,-13.350157,-12.85797,-13.12076,2.357603,5.2001357,-14.37668
475,475,475,475,475,475,-13.150499,-12.399086,-12.705812,2.2984848,7.8750243,-14.240773
476,476,476,476,476,476,-13.170274,-12.782725,-12.466465,2.6313038,10.351155,-14.288408
477,477,477,477,477,477,-12.96215,-11.9249,-12.38102,2.4000084,5.853108,-13.838198
478,478,478,478,478,478,-12.823479,-12.573208,-12.250647,2.4592083,8.863132,-13.978332
479,479,479,479,479,479,-12.691925,-12.221439,-12.019374,2.4924607,8.524909,-13.605595
480,480,480,480,480,480,-12.485104,-11.911228,-11.857058,2.5098643,5.0066476,-13.541624
481,481,481,481,481,481,-12.244676,-11.880728,-12.022433,2.648408,5.3508325,-13.244255
482,482,482,482,482,482,-12.189638,-11.95378,-11.671842,2.7165697,3.6786726,-13.251612
483,483,483,483,483,483,-12.158671,-11.7976055,-11.620294,2.8162012,7.5393844,-13.138664
484,484,484,484,484,484,-11.997312,-11.764761,-11.485586,2.9250596,9.952895,-13.032683
485,485,485,485,485,485,-11.6651945,-11.482485,-11.315463,2.931825,9.099031,-12.75953
486,486,486,486,486,486,-11.578741,-11.507665,-11.305852,2.5857444,7.573765,-12.723178
487,487,487,487,487,487,-11.376812,-11.06034,-11.239483,2.6359644,7.8801947,-12.687969
488,488,488,488,488,488,-11.044582,-11.186144,-11.042258,3.006111,7.011272,-12.570365
489,489,489,489,489,489,-11.044173,-11.18446,-11.019336,2.7629728,5.6653743,-12.185598
490,490,490,490,490,490,-10.748712,-10.904903,-11.015394,2.767651,3.3098314,-12.245405
491,491,491,491,491,491,-10.802955,-10.780606,-10.798966,2.7222989,4.20502,-11.841323
492,492,492,492,492,492,-10.5520315,-10.877524,-10.701163,2.9094176,5.833268,-11.912401
493,493,493,493,493,493,-10.572432,-10.701181,-10.728529,2.809941,1.8286936,-11.736896
494,494,494,494,494,494,-10.434135,-10.733746,-10.232655,2.466709,-1.8399734,-11.433027
495,495,495,495,495,495,-10.312136,-10.798155,-10.40441,2.7161467,-2.932148,-11.370067
496,496,496,496,496,496,-10.322999,-10.34268,-10.269313,2.801164,-0.6895161,-11.318529
497,497,497,497,497,497,-10.357607,-10.366236,-9.957118,2.8131447,-5.0634565,-11.00528
498,498,498,498,498,498,-10.345929,-10.337615,-9.771221,2.7004464,-6.920572,-10.884572
499,499,499,499,499,499,-10.2534275,-10.306304,-9.987151,2.6670127,-5.982567,-10.75648
500,500,500,500,500,500,-10.090374,-10.842694,-9.566127,2.4790683,-6.7493153,-10.722228
501,501,501,501,501,501,-9.785773,-10.004273,-9.518711,2.2233706,-4.4295077,-10.625221
502,502,502,502,502,502,-9.579401,-10.024991,-9.734985,2.4749815,-3.3378377,-10.345849
503,503,503,503,503,503,-9.649524,-10.144907,-9.396813,2.4009347,-1.8255509,-10.397508
504,504,504,504,504,504,-9.276117,-10.006768,-9.218304,2.4783952,-0.89793825,-10.702212
505,505,505,505,505,505,-9.005232,-9.806799,-9.115188,2.3756568,0.9158666,-10.402596
506,506,506,506,506,506,-8.950486,-9.716377,-8.440026,2.237441,-0.28704664,-10.12964
507,507,507,507,507,507,-8.231515,-9.57225,-8.74028,1.9922491,-0.7708493,-9.911588
508,508,508,508,508,508,-8.843387,-9.421074,-8.146842,1.9373152,-0.5086615,-10.235474
509,509,509,509,509,509,-8.838786,-9.461256,-8.1301365,2.0528522,-0.9199086,-9.8896475
510,510,510,510,510,510,-8.828942,-9.372455,-7.971137,2.367055,1.6445917,-9.427556
511,511,511,511,511,511,-8.742049,-9.019022,-7.749407,2.3300548,-0.9471141,-9.640315
512,512,512,512,512,512,-8.1168375,-9.343572,-7.544765,2.3757505,2.4601552,-9.25019
513,513,513,513,513,513,-8.25923,-8.753027,-7.452696,2.1599724,4.9369454,-8.840798
514,514,514,514,514,514,-8.170049,-8.170289,-7.297068,2.3339963,11.367023,-8.49488
515,515,515,515,515,515,-7.9924564,-8.488,-7.138802,2.211972,5.4645386,-8.7348175
516,516,516,516,516,516,-7.90752,-8.834517,-7.1130986,1.8652064,3.1454988,-8.899571
517,517,517,517,517,517,-7.9783,-8.559128,-7.196882,2.1944053,6.982431,-8.658644
518,518,518,518,518,518,-7.784783,-8.241934,-6.9328804,1.9608473,6.9319925,-8.554332
519,519,519,519,519,519,-7.857882,-7.3000937,-6.842252,2.1380835,11.990162,-8.603539
520,520,520,520,520,520,-7.60766,-7.011152,-6.795089,2.1016264,11.926751,-8.383963
521,521,521,521,521,521,-7.4450355,-7.2157326,-6.7046485,2.2398508,12.874517,-8.160173
522,522,522,522,522,522,-7.364405,-7.272348,-6.7919497,1.5214912,12.860478,-8.294717
523,523,523,523,523,523,-7.3076916,-7.464404,-6.747146,1.7000587,14.314738,-8.040749
524,524,524,524,524,524,-7.2849135,-7.8864913,-6.975022,1.4963219,15.102426,-8.176437
525,525,525,525,525,525,-7.2175117,-7.7884727,-6.6313863,1.5029882,15.62809,-8.115346
526,526,526,526,526,526,-7.0536923,-7.442329,-6.5169997,1.4704466,15.967503,-7.767675
527,527,527,527,527,527,-7.0382524,-7.426857,-6.339315,1.5031422,17.03135,-7.824207
528,528,528,528,528,528,-7.145773,-7.342038,-6.444327,2.0739338,17.108149,-7.6627436
529,529,529,529,529,529,-6.8177333,-7.1287913,-6.1391225,1.7753402,17.783976,-7.4011655
530,530,530,530,530,530,-6.6736355,-6.910734,-5.552414,1.1956233,19.146187,-7.452559
531,531,531,531,531,531,-6.8215656,-6.2564774,-5.7712426,1.759313,19.044416,-7.3361044
532,532,532,532,532,532,-6.5526,-6.6759048,-5.6014323,1.738904,19.51983,-7.16208
533,533,533,533,533,533,-6.4843965,-7.0179663,-5.585757,1.7379706,18.73535,-7.4161696
534,534,534,534,534,534,-6.496147,-6.892286,-5.733273,2.0589287,17.529222,-6.927086
535,535,535,535,535,535,-6.705363,-7.060912,-5.7425117,2.0795,18.10007,-6.9982495
536,536,536,536,536,536,-6.613135,-7.107856,-5.989235,2.0842955,17.203152,-7.1857367
537,537,537,537,537,537,-6.565787,-7.2671723,-5.712828,2.138755,17.747622,-7.0268507
538,538,538,538,538,538,-7.063792,-7.3862567,-5.5030556,1.6146268,16.277225,-6.5443544
539,539,539,539,539,539,-6.641831,-7.598882,-6.2413726,1.8872482,16.981653,-6.8166714
540,540,540,540,540,540,-6.8865337,-7.2998137,-5.408499,1.5616397,18.155626,-6.811786
541,541,541,541,541,541,-6.944288,-7.1701274,-5.6917596,1.3990664,16.871714,-6.458749
542,542,542,542,542,542,-6.8332634,-6.9216404,-5.804345,1.5493438,16.378157,-6.2986565
543,543,543,543,543,543,-6.6869664,-6.9813347,-5.659914,1.3267727,16.499695,-6.198811
544,544,544,544,544,544,-6.540781,-6.6647115,-6.240936,1.0462974,15.8636055,-5.9027915
545,545,545,545,545,545,-6.3407207,-6.6191826,-5.966958,0.8935304,16.57837,-5.938351
546,546,546,546,546,546,-6.518843,-6.280878,-5.643263,0.99222624,15.64034,-5.8329883
547,547,547,547,547,547,-6.5244017,-6.4035177,-5.940442,0.93539864,15.934991,-5.618463
548,548,548,548,548,548,-6.430728,-6.3674645,-5.491826,0.8775269,16.136549,-5.5696645
549,549,549,549,549,549,-6.3754973,-6.2391353,-5.3828874,0.89101523,15.800122,-5.4705486
550,550,550,550,550,550,-6.1448607,-6.2172003,-4.726123,0.62896305,14.723925,-5.3960123
551,551,551,551,551,551,-5.972282,-5.996768,-4.5367837,0.986202,15.704045,-5.3848033
552,552,552,552,552,552,-5.7766128,-5.824794,-4.999942,0.558417,13.903449,-5.4190226
553,553,553,553,553,553,-5.6427846,-5.615232,-4.774,0.6991783,12.777384,-5.3300037
554,554,554,554,554,554,-5.4243083,-5.330727,-4.284001,0.6847038,10.998991,-5.1225343
555,555,555,555,555,555,-5.268239,-5.288894,-4.084883,0.7193623,10.373326,-5.185591
556,556,556,556,556,556,-4.894917,-5.153292,-3.7145076,0.86944336,11.147315,-4.8794694
557,557,557,557,557,557,-4.881364,-4.9037437,-4.036617,0.95749044,10.895974,-4.8237014
558,558,558,558,558,558,-4.7232447,-5.1052747,-3.5727093,0.8859186,9.8317995,-4.968263
559,559,559,559,559,559,-4.8991785,-4.810775,-3.846513,0.8020511,10.63942,-4.7257333
560,560,560,560,560,560,-4.6397095,-4.812286,-3.6535094,0.7487782,9.828614,-4.768708
561,561,561,561,561,561,-4.420993,-4.63821,-3.4511101,0.73696285,9.716657,-4.910717
562,562,562,562,562,562,-4.262024,-4.702753,-3.4406204,0.7212978,9.58372,-4.7709265
563,563,563,563,563,563,-4.1284103,-4.6523433,-3.50285,1.0046409,9.627945,-4.6818333
564,564,564,564,564,564,-3.963343,-4.5181446,-3.4670362,0.72501475,9.178841,-4.643368
565,565,565,565,565,565,-3.8430476,-4.4413066,-3.310984,0.8416577,9.009509,-4.5298467
566,566,566,566,566,566,-3.6618307,-4.372408,-3.2822852,0.76769745,8.741361,-4.756116
567,567,567,567,567,567,-3.755689,-4.229379,-3.2785168,0.7686131,10.781007,-4.3157325
568,568,568,568,568,568,-3.2079659,-4.107996,-3.1409934,0.59823316,9.085595,-4.2191315
569,569,569,569,569,569,-3.6926422,-4.121982,-3.3874905,0.706338,10.157356,-4.3223133
570,570,570,570,570,570,-2.8819518,-3.9976614,-3.1138103,0.70133615,8.045698,-3.9601803
571,571,571,571,571,571,-2.914652,-4.0010195,-2.9848735,0.8835387,7.8268714,-3.9111671
572,572,572,572,572,572,-2.8863237,-3.893996,-2.9491146,1.0320961,7.6629024,-3.8274179
573,573,573,573,573,573,-2.764348,-3.941569,-2.9326298,0.9543891,7.5172606,-3.7825687
574,574,574,574,574,574,-2.628458,-3.6703062,-2.8372242,1.2281593,7.3679757,-3.6252887
575,575,575,575,575,575,-2.6765478,-3.4222875,-2.889986,1.302654,7.6131444,-3.4172409
576,576,576,576,576,576,-2.6197155,-3.2264562,-2.4816453,1.5228453,7.423838,-3.3518038
577,577,577,577,577,577,-2.5545368,-3.1618433,-2.6123827,1.2754477,7.3795023,-3.208242
578,578,578,578,578,578,-2.4732459,-3.2720041,-2.5472064,1.4396796,7.5839214,-3.1050785
579,579,579,579,579,579,-2.6028461,-2.898081,-1.7783976,1.5782266,12.157101,-2.5114083
580,580,580,580,580,580,-2.3973057,-2.7733543,-2.5668046,1.4174273,6.888555,-2.9123633
581,581,581,581,581,581,-2.3071043,-2.670412,-2.540641,1.7307448,6.30042,-2.8668313
582,582,582,582,582,582,-2.1245835,-2.6920476,-2.4658673,1.9043036,6.3341317,-2.7900844
583,583,583,583,583,583,-2.2244809,-2.4540048,-2.2830966,2.0021925,6.272297,-2.6148999
584,584,584,584,584,584,-1.9982551,-2.3028033,-2.345833,2.3990488,5.7874618,-2.5330355
585,585,585,585,585,585,-1.9434762,-2.1538453,-2.4681668,2.3962684,5.944245,-2.4724078
586,586,586,586,586,586,-1.8728259,-2.1114132,-2.558777,2.2816124,6.156401,-2.3154862
587,587,587,587,587,587,-1.7122315,-1.9519686,-2.3456244,2.323798,5.4244533,-2.154727
588,588,588,588,588,588,-1.6968864,-1.8061533,-1.8397804,2.458192,5.173198,-2.2242935
589,589,589,589,589,589,-1.5872338,-1.4803166,-1.8675175,2.5359483,5.589719,-1.9711003
590,590,590,590,590,590,-1.522926,-1.4985708,-1.9338045,2.7400846,4.4774046,-2.0283163
591,591,591,591,591,591,-1.4674505,-1.3887708,-1.7794349,2.705838,3.8366845,-1.831748
592,592,592,592,592,592,-1.487662,-1.2753779,-1.7443788,2.7890098,4.233214,-1.6855632
593,593,593,593,593,593,-1.3879168,-1.2664363,-1.4449354,2.9721882,4.344831,-1.4967879
594,594,594,594,594,594,-1.2941121,-1.1066961,-1.4515392,2.8121295,3.7057564,-1.5610335
595,595,595,595,595,595,-1.217447,-0.994293,-1.3266282,2.5420735,3.8902054,-1.449034
596,596,596,596,596,596,-1.1706285,-0.9301118,-1.4132817,2.7014475,4.2508097,-1.2816589
597,597,597,597,597,597,-1.1108006,-0.86062473,-1.4527229,2.8840659,3.3840947,-1.1258563
598,598,598,598,598,598,-0.8893478,-0.6822716,-0.8652266,3.1321676,4.098297,-0.9670891
599,599,599,599,599,599,-0.7047041,-0.6269046,-0.98265475,2.9648218,3.808203,-0.89976865
600,600,600,600,600,600,-0.9411852,-0.5011344,-0.75056195,2.9224083,3.3218153,-0.7729428
601,601,601,601,601,601,-0.71750736,-0.35744533,-0.6270059,3.0538483,3.6515765,-0.7010672
602,602,602,602,602,602,-0.38138995,-0.26510653,-0.5774752,3.1472707,3.1099908,-0.602026
603,603,603,603,603,603,-0.4954555,-0.1604279,-0.5078117,3.0317504,3.625347,-0.5087157
604,604,604,604,604,604,-0.32179955,-0.0723031,-0.6034789,3.0975058,3.3533714,-0.39144623
605,605,605,605,605,605,-0.28685406,-0.07031765,-0.25142315,3.222984,3.7228718,-0.4538968
606,606,606,606,606,606,-0.28206545,0.044598144,-0.4380522,3.3553274,3.268427,-0.32814363
607,607,607,607,607,607,-0.08540297,0.12961863,-0.3533914,3.4011276,3.7847672,-0.21416655
608,608,608,608,608,608,0.030732008,0.12691472,-0.0990364,3.180796,3.3504937,-0.13139106
609,609,609,609,609,609,0.15257618,0.2098774,0.0023134598,3.2980492,3.7166595,-0.071566075
610,610,610,610,610,610,0.26038045,0.18574752,0.01743966,3.3365552,3.7441118,-0.07103375
611,611,611,611,611,611,0.37109375,0.22241773,0.15119301,3.3742247,4.0230093,0.109395295
612,612,612,612,612,612,0.5342802,0.4071958,0.33013648,3.4816341,3.984925,0.27079841
613,613,613,613,613,613,0.5356031,0.4271345,0.17954522,3.5452323,3.3094704,0.24407807
614,614,614,614,614,614,0.64112824,0.33283895,0.10878917,3.642885,5.30079,0.42661273
615,615,615,615,615,615,0.6715811,0.5093436,0.46908152,3.5927825,3.663555,0.4776285
616,616,616,616,616,616,0.83105916,0.59529555,0.6476836,3.586299,3.4852357,0.70556045
617,617,617,617,617,617,0.97247607,0.6963178,0.6187716,3.7707543,3.4419475,0.7936652
618,618,618,618,618,618,1.0435333,0.5863846,0.7577064,3.6799848,4.323543,0.9104347
619,619,619,619,619,619,1.0703478,0.765109,0.68625134,3.6479356,5.462721,0.8519691
620,620,620,620,620,620,1.1859585,0.82221854,1.0067921,3.696214,4.2792025,1.0841501
621,621,621,621,621,621,1.2360268,0.7920288,0.87832904,3.739489,4.201741,1.0394764
622,622,622,622,622,622,1.2019178,0.8681199,1.288262,3.764644,3.8485305,1.1808325
623,623,623,623,623,623,1.3428851,0.9486235,1.2817637,3.9541245,3.9500096,1.3254485
624,624,624,624,624,624,1.3583326,1.0435758,1.3619785,3.9574258,3.882787,1.3642688
625,625,625,625,625,625,1.4939587,1.1972836,1.570117,4.054811,4.5067825,1.4173201
626,626,626,626,626,626,1.5685123,1.1412338,1.5526769,4.1283975,5.0821056,1.4239846
627,627,627,627,627,627,1.6623608,1.2708105,1.708145,4.0965924,4.5975075,1.4806018
628,628,628,628,628,628,1.67058,1.3060187,1.6307606,4.1661005,4.987632,1.6896905
629,629,629,629,629,629,1.6618925,1.3859731,1.6184064,4.2832317,5.048435,1.8663499
630,630,630,630,630,630,1.7099894,1.6068904,1.8905834,4.2727294,4.534692,1.8058417
631,631,631,631,631,631,1.8071774,1.716317,1.9604657,4.2552648,5.4840627,2.0357003
632,632,632,632,632,632,1.7844509,1.7799988,2.0089407,4.324211,5.277348,2.1180646
633,633,633,633,633,633,1.9122032,1.7707171,2.2226152,4.3398814,5.133572,2.390009
634,634,634,634,634,634,1.9497538,1.8243396,2.2685304,4.683467,5.218867,2.5024688
635,635,635,635,635,635,1.9298985,1.9180423,2.3269048,4.529323,5.5465403,2.5040574
636,636,636,636,636,636,2.0618231,1.9986736,2.362278,4.556677,5.7460394,2.9511538
637,637,637,637,637,637,2.1179194,2.0451732,2.6241655,4.7258387,5.85816,2.989165
638,638,638,638,638,638,2.1619763,2.186256,2.4650779,4.6769085,6.002904,2.9136295
639,639,639,639,639,639,2.1937482,2.2639477,2.5254362,4.577531,6.0417304,2.9894729
640,640,640,640,640,640,2.299375,2.153252,2.3972018,4.664434,6.822257,3.1359663
641,641,641,641,641,641,2.4224434,2.2873256,2.4291809,4.8892727,6.5736914,3.257274
642,642,642,642,642,642,2.459824,2.2875896,2.5279233,4.8524103,6.726198,3.5632057
643,643,643,643,643,643,2.668376,2.918491,2.5932121,4.7342525,6.8143797,3.7235649
644,644,644,644,644,644,2.8284695,2.8973258,2.8123121,4.8764367,5.638443,3.956553
645,645,645,645,645,645,2.8159463,2.8032544,2.4536028,5.0438814,7.2210054,3.64394
646,646,646,646,646,646,3.1894536,3.13836,2.805973,4.9618297,7.0273833,3.9984963
647,647,647,647,647,647,3.1529791,3.073958,3.0055888,5.091967,7.5312366,4.2134614
648,648,648,648,648,648,3.1883743,3.204366,3.1319332,4.9673033,7.2018704,4.1159544
649,649,649,649,649,649,3.3448608,3.406601,3.2191598,4.9940095,7.4364157,4.2152267
650,650,650,650,650,650,3.443059,3.3098552,3.1985888,4.9389367,7.2693615,4.3127823
651,651,651,651,651,651,3.6385956,3.3890104,3.256619,4.9343667,7.4803777,4.52854
652,652,652,652,652,652,3.7978508,3.6662247,3.0961068,4.9376073,7.598607,4.4995933
653,653,653,653,653,653,4.0205193,4.0811777,3.773468,4.958157,7.9559226,5.3684707
654,654,654,654,654,654,4.2131476,4.2067485,3.7167566,5.020661,8.397913,5.164178
655,655,655,655,655,655,3.904318,4.316413,3.2780983,4.999331,8.259208,5.520771
656,656,656,656,656,656,4.462735,4.3382826,3.5387118,5.080205,8.060236,5.3535013
657,657,657,657,657,657,4.7064624,4.6985497,3.9408174,5.031015,7.767106,5.671661
658,658,658,658,658,658,5.0009384,4.705692,3.93601,5.132475,8.18802,5.83706
659,659,659,659,659,659,5.1216984,5.072976,4.378902,5.4651527,8.445878,5.933861
660,660,660,660,660,660,5.357462,5.4394884,4.5659165,5.224482,8.3730135,6.234869
661,661,661,661,661,661,5.4401803,5.6716943,5.031929,5.5509224,8.495341,6.340148
662,662,662,662,662,662,5.6974106,5.8065095,5.1849484,5.4392986,8.5492,6.6486216
663,663,663,663,663,663,5.8496556,5.9994893,5.078579,5.448149,8.537591,6.4373584
664,664,664,664,664,664,5.963016,6.0324726,5.1914654,5.568077,8.700262,6.947584
665,665,665,665,665,665,5.991417,6.148445,5.5345035,5.829245,8.233162,7.1269097
666,666,666,666,666,666,6.35687,6.2182665,5.6046467,5.583439,8.717308,7.496465
667,667,667,667,667,667,6.360515,6.484508,5.867174,6.9337363,8.963573,7.437951
668,668,668,668,668,668,6.6737905,6.950335,5.7803807,6.124101,9.070866,7.866571
669,669,669,669,669,669,6.906149,6.896816,5.893637,6.5226483,9.172774,8.015476
670,670,670,670,670,670,7.1477857,7.2443204,6.4643416,6.6577,9.296425,8.354429
671,671,671,671,671,671,7.253231,7.3374825,6.7937837,6.8698764,9.482384,8.5904255
672,672,672,672,672,672,7.314377,7.4363713,6.214139,6.770843,9.48377,8.659993
673,673,673,673,673,673,7.3956923,7.25335,6.1831627,7.2674055,9.77159,8.65548
674,674,674,674,674,674,7.616745,7.3272557,6.4046955,7.308831,9.785847,8.997488
675,675,675,675,675,675,7.9331236,8.086302,7.937873,7.1823053,9.976113,9.312911
676,676,676,676,676,676,8.284991,8.074868,7.708545,7.3896923,10.177168,9.367397
677,677,677,677,677,677,8.417396,8.129483,8.10046,7.6574492,10.223299,9.451957
678,678,678,678,678,678,8.588325,8.382422,8.079235,7.668877,10.389411,9.694553
679,679,679,679,679,679,8.6229315,8.409445,8.898434,7.6524763,10.670111,9.813916
680,680,680,680,680,680,8.844282,8.638809,8.78132,7.908015,11.302429,9.936844
681,681,681,681,681,681,8.974672,8.396634,8.604428,7.7794895,11.35686,9.990159
682,682,682,682,682,682,9.359792,9.362234,8.834042,8.009622,11.462618,10.219016
683,683,683,683,683,683,9.730581,9.544366,9.781278,8.586923,11.836939,10.525967
684,684,684,684,684,684,10.005752,9.738618,10.274137,8.741548,12.135575,10.568182
685,685,685,685,685,685,10.090429,9.628772,10.242739,8.519484,12.497137,10.938428
686,686,686,686,686,686,10.43753,10.321755,10.433553,9.316979,12.838508,11.120283
687,687,687,687,687,687,10.794682,10.483276,11.250575,9.373489,13.386761,11.328698
688,688,688,688,688,688,11.000566,10.292922,11.567433,9.571884,13.783607,11.581929
689,689,689,689,689,689,10.894244,10.983706,12.416668,9.127487,14.919621,11.992326
690,690,690,690,690,690,11.247885,10.8469925,11.241508,9.036577,14.679413,12.162693
691,691,691,691,691,691,11.477926,11.469743,12.126968,9.920508,14.920047,12.276744
692,692,692,692,692,692,11.659112,11.6568575,12.661764,9.777082,15.162215,12.551164
693,693,693,693,693,693,11.768048,12.027704,12.514376,10.108985,15.46887,12.808163
694,694,694,694,694,694,12.089922,12.324616,13.428201,10.444028,15.722721,13.039319
695,695,695,695,695,695,12.3026905,12.282184,12.643392,10.995164,16.116703,13.290401
696,696,696,696,696,696,12.170452,12.445591,13.486443,10.987549,16.172646,13.392345
697,697,697,697,697,697,12.548425,12.324774,13.8113,10.017127,16.65199,14.033521
698,698,698,698,698,698,12.67006,12.630928,14.538538,11.411425,17.582891,13.984363
699,699,699,699,699,699,13.219576,13.29723,14.359632,11.342075,17.775066,14.350015
700,700,700,700,700,700,13.771407,13.842779,15.493993,12.180106,17.769646,14.586474
701,701,701,701,701,701,14.177496,14.2564125,15.793733,12.147137,18.373003,14.950668
702,702,702,702,702,702,14.359638,14.464962,16.91876,12.599889,18.276674,15.055449
703,703,703,703,703,703,14.310761,14.455335,16.668732,12.799185,22.906801,15.400739
704,704,704,704,704,704,14.812615,15.11201,16.79123,12.925884,21.626583,16.045807
705,705,705,705,705,705,14.990244,15.670702,17.405941,12.744575,18.945047,16.353357
706,706,706,706,706,706,15.437223,16.848078,18.078497,13.088308,19.181593,16.676376
707,707,707,707,707,707,15.753212,17.032797,18.6096,14.810985,21.913506,16.84905
708,708,708,708,708,708,15.957121,17.31603,18.378162,14.268331,21.63662,17.12746
709,709,709,709,709,709,16.189116,17.645584,17.506893,15.368126,22.105125,17.258766
710,710,710,710,710,710,16.461342,17.561726,19.506002,15.074891,22.139406,17.414227
711,711,711,711,711,711,16.670395,18.334816,18.3174,14.6801815,22.515787,18.03348
712,712,712,712,712,712,16.822552,18.526812,19.364641,16.412014,24.510303,18.298258
713,713,713,713,713,713,17.024672,18.632048,19.897997,17.070509,25.298872,18.576956
714,714,714,714,714,714,17.206465,18.749022,19.970798,16.655165,25.838783,18.73522
715,715,715,715,715,715,17.512936,19.744709,20.630516,17.752007,25.367641,19.38099
716,716,716,716,716,716,17.652302,20.34924,20.76709,18.580675,22.743814,19.571032
717,717,717,717,717,717,18.10744,20.4315,20.230082,18.818184,21.844782,19.942442
718,718,718,718,718,718,17.58745,21.24582,21.094725,18.593065,20.450901,20.362785
719,719,719,719,719,719,18.596937,21.56001,21.958576,18.777319,21.194283,21.073822
720,720,720,720,720,720,19.27613,21.934456,21.024406,20.500593,23.459145,21.700218
721,721,721,721,721,721,19.234396,22.11777,21.604223,22.588596,23.591179,22.279558
722,722,722,722,722,722,19.725012,22.697123,21.349945,21.866968,24.176165,22.71961
723,723,723,723,723,723,19.79997,23.242357,22.463163,24.240084,24.4786,23.134914
724,724,724,724,724,724,19.976746,23.342525,22.260094,23.61573,25.253286,23.284866
725,725,725,725,725,725,20.713985,23.66223,22.828861,25.228447,25.830605,23.780207
726,726,726,726,726,726,21.52468,23.858255,23.542519,25.516394,25.680172,24.109135
727,727,727,727,727,727,21.680563,24.062151,23.052288,25.860832,26.035374,24.59633
728,728,728,728,728,728,22.059334,24.377052,24.565283,26.469444,26.63197,24.865803
729,729,729,729,729,729,22.521587,24.787518,23.972628,26.124693,27.399014,24.91926
730,730,730,730,730,730,23.081526,25.179422,25.589787,26.910282,27.250757,25.318241
731,731,731,731,731,731,23.717916,25.305067,26.528887,27.779587,27.306425,25.515488
732,732,732,732,732,732,24.39469,25.827934,26.411396,27.855005,26.810335,25.916637
733,733,733,733,733,733,24.832771,26.233906,26.807487,28.126509,27.671484,26.389904
734,734,734,734,734,734,25.00862,26.568024,27.187824,28.45985,26.856232,26.805826
735,735,735,735,735,735,25.550514,26.465055,27.075686,28.64054,26.485277,27.073174
736,736,736,736,736,736,26.129381,26.82714,27.474226,28.93065,26.858644,27.251833
737,737,737,737,737,737,26.462805,27.089684,27.166382,29.155464,28.275303,27.653828
738,738,738,738,738,738,27.104666,27.388783,27.634722,29.267527,28.547949,27.919058
739,739,739,739,739,739,26.794762,27.88829,27.44531,29.631746,28.387136,27.858013
740,740,740,740,740,740,27.189905,28.10749,27.532171,29.397682,30.74299,28.23728
741,741,741,741,741,741,27.340092,28.168592,28.090252,29.902296,29.605286,28.582996
742,742,742,742,742,742,27.631832,28.318178,28.74445,29.708742,29.977825,28.715569
743,743,743,743,743,743,27.933119,28.71534,28.77602,30.167864,29.612967,28.824791
744,744,744,744,744,744,27.984629,28.694248,28.574081,30.226461,29.558626,29.41406
745,745,745,745,745,745,27.89794,28.593336,28.97208,29.991875,29.051474,29.788925
746,746,746,746,746,746,27.930082,28.847075,28.679176,29.898615,29.054052,29.794416
747,747,747,747,747,747,28.210094,29.121145,29.137177,29.791845,29.266296,30.469124
748,748,748,748,748,748,28.08731,28.987673,29.316156,29.760618,30.407288,30.727545
749,749,749,749,749,749,28.25655,29.176067,28.635618,30.174074,30.90253,31.03441
750,750,750,750,750,750,28.504984,29.405312,29.493032,29.761202,30.991455,31.233469
751,751,751,751,751,751,28.988605,29.58502,29.02754,29.44604,29.12927,31.60662
752,752,752,752,752,752,29.157228,29.8233,29.357634,29.8219,31.903316,31.549639
753,753,753,753,753,753,29.056273,29.710318,30.232874,29.410978,31.514385,31.693104
754,754,754,754,754,754,29.40649,30.045692,30.311699,29.758282,30.8002,31.928753
755,755,755,755,755,755,29.176722,30.330622,30.34655,28.91587,31.270798,31.663519
756,756,756,756,756,756,29.313757,30.287315,30.422565,28.97713,30.542805,31.400328
757,757,757,757,757,757,29.488169,30.207315,30.262,29.401262,31.55023,31.413237
758,758,758,758,758,758,29.647287,30.331926,30.692806,29.066395,30.92177,31.379198
759,759,759,759,759,759,29.42048,30.352158,29.939627,29.281063,30.26595,31.170465
760,760,760,760,760,760,29.650938,30.379686,30.778975,28.691393,29.98277,31.075417
761,761,761,761,761,761,29.92203,30.529673,30.356426,28.41013,29.214462,31.09061
762,762,762,762,762,762,30.393045,30.689472,30.660112,28.792965,29.997871,31.276299
763,763,763,763,763,763,30.249533,30.522112,30.840101,28.709366,29.114258,31.226093
764,764,764,764,764,764,29.672392,30.730919,30.681976,28.400465,28.116367,31.079695
765,765,765,765,765,765,30.297297,31.02239,30.746815,29.053392,28.814522,31.229218
766,766,766,766,766,766,30.35797,30.868048,30.741457,28.734304,28.549562,31.26175
767,767,767,767,767,767,30.461063,31.105913,31.291433,29.172033,28.187521,31.36851
768,768,768,768,768,768,30.395863,31.034246,31.553194,28.863052,28.26626,31.463999
769,769,769,769,769,769,30.613306,31.231346,31.695553,28.688532,28.010273,31.394651
770,770,770,770,770,770,30.791796,31.283556,31.655739,28.067968,28.104727,31.421328
771,771,771,771,771,771,30.903347,30.994164,31.844116,28.270575,27.837826,31.454071
772,772,772,772,772,772,30.990198,31.021332,32.131836,28.127708,27.56922,31.500202
773,773,773,773,773,773,30.93536,31.12865,31.41896,28.23459,27.289608,31.475712
774,774,774,774,774,774,31.238108,30.90128,31.658049,27.89831,26.724771,31.61331
775,775,775,775,775,775,31.297688,30.987959,31.620464,27.941067,27.060791,31.49516
776,776,776,776,776,776,31.35795,30.952595,31.91962,28.036573,27.212952,31.525324
777,777,777,777,777,777,31.182217,30.878061,31.396114,28.0739,27.69082,31.637623
778,778,778,778,778,778,31.208351,31.162365,31.417639,27.991268,27.857147,31.530098
779,779,779,779,779,779,30.776987,31.122236,31.293911,28.508583,27.873852,31.583366
780,780,780,780,780,780,31.150011,31.06751,30.868778,27.533543,28.40029,31.46554
781,781,781,781,781,781,31.261576,31.037321,31.195341,27.896288,28.708178,31.615871
782,782,782,782,782,782,31.096743,30.923199,31.561972,27.669184,28.481737,31.507517
783,783,783,783,783,783,30.873573,30.728643,31.857807,27.431961,28.365335,31.222559
784,784,784,784,784,784,30.962387,30.644852,31.502125,27.693926,29.17787,30.896086
785,785,785,785,785,785,30.764215,30.602636,31.394382,27.436172,29.303207,31.250519
786,786,786,786,786,786,30.985128,30.42721,31.162914,27.245043,29.4654,31.012186
787,787,787,787,787,787,30.990068,30.365011,30.327503,28.003529,29.69444,31.048508
788,788,788,788,788,788,30.82113,30.337814,30.3385,28.107037,29.872028,30.835995
789,789,789,789,789,789,30.656889,29.997196,29.7227,28.297892,30.027515,30.787865
790,790,790,790,790,790,30.320232,29.640133,30.613224,28.44439,29.854506,30.42561
791,791,791,791,791,791,30.521555,29.433752,29.414047,28.5073,30.168499,30.749859
792,792,792,792,792,792,30.537539,29.467638,30.000406,28.335707,30.107328,30.514046
793,793,793,793,793,793,30.2806,29.40361,28.900496,28.34785,30.40088,30.734303
794,794,794,794,794,794,30.33725,29.20046,29.652605,28.246614,29.243904,30.427753
795,795,795,795,795,795,30.624655,29.063057,30.174599,28.236609,30.655596,30.37542
796,796,796,796,796,796,30.29756,29.119762,29.241364,28.776785,30.617155,30.317213
797,797,797,797,797,797,30.185244,28.53898,29.03818,28.746332,30.81674,29.985836
798,798,798,798,798,798,30.503185,28.509043,29.156717,28.553673,30.381428,29.985718
799,799,799,799,799,799,30.20527,28.449593,28.782528,28.639084,30.747837,29.890282
800,800,800,800,800,800,30.192661,28.285072,28.472225,28.04887,30.192139,29.601055
801,801,801,801,801,801,29.82514,28.251097,28.773956,27.816334,29.956812,29.365116
802,802,802,802,802,802,29.91203,28.338457,29.024378,27.265236,30.043726,29.350946
803,803,803,803,803,803,29.488281,28.08932,28.230516,27.447046,29.78886,29.312616
804,804,804,804,804,804,29.464912,27.978436,27.731524,27.237885,29.368767,28.945595
805,805,805,805,805,805,29.295353,27.854431,27.44817,26.802046,28.5402,28.988096
806,806,806,806,806,806,29.247286,27.525663,27.91965,26.467268,28.62883,28.624825
807,807,807,807,807,807,28.965567,27.225504,27.114634,25.714643,29.261337,28.479757
808,808,808,808,808,808,28.784649,27.080452,27.059763,26.4779,29.47221,28.421352
809,809,809,809,809,809,28.875109,27.181395,27.20775,26.422882,29.255733,28.36798
810,810,810,810,810,810,28.800388,27.135792,27.457169,26.438787,29.376366,28.112492
811,811,811,811,811,811,28.597345,26.961002,27.13004,26.310778,29.139006,28.05867
812,812,812,812,812,812,27.982666,26.69829,26.772085,27.083818,29.965572,27.890152
813,813,813,813,813,813,27.61227,26.388592,26.231585,27.494225,29.697166,27.767328
814,814,814,814,814,814,27.498665,26.36825,26.359941,26.21159,29.98044,27.51871
815,815,815,815,815,815,27.23478,26.057024,26.323816,26.27224,29.766195,27.451624
816,816,816,816,816,816,26.836718,25.753862,26.06885,26.439981,29.775375,27.319868
817,817,817,817,817,817,26.59988,25.63558,25.772734,26.542585,29.656082,27.211409
818,818,818,818,818,818,26.343704,25.352236,26.065746,26.412886,30.128925,27.064785
819,819,819,819,819,819,25.852772,25.006554,25.813745,26.275545,30.150944,26.8345
820,820,820,820,820,820,25.77984,24.898325,25.418707,26.09461,28.97046,26.604677
821,821,821,821,821,821,25.486553,24.776155,25.15343,25.715107,30.022038,26.566263
822,822,822,822,822,822,25.435028,24.599075,25.26937,25.677637,29.826178,26.321938
823,823,823,823,823,823,24.97725,24.2447,24.78116,26.003544,29.294058,26.000761
824,824,824,824,824,824,24.720476,24.078478,25.246675,25.808022,28.914917,25.94642
825,825,825,825,825,825,24.431135,23.792355,25.095406,26.197847,29.038158,25.802742
826,826,826,826,826,826,24.435978,23.761084,24.692284,25.666569,29.335999,25.544083
827,827,827,827,827,827,24.203413,23.545252,24.596746,25.21563,29.422035,25.464687
828,828,828,828,828,828,23.973263,23.520628,24.370892,25.29849,29.298101,25.312529
829,829,829,829,829,829,23.621977,23.152721,23.427477,25.094673,29.229988,25.15233
830,830,830,830,830,830,23.480133,22.977293,23.544775,25.12512,29.216082,25.057158
831,831,831,831,831,831,23.412952,22.994286,23.745356,23.796692,28.933285,24.582937
832,832,832,832,832,832,22.90024,22.73002,23.288403,23.23481,28.652035,24.132807
833,833,833,833,833,833,22.542976,22.560125,22.833899,24.00681,28.485754,23.80454
834,834,834,834,834,834,22.480587,22.192198,23.127153,23.768057,28.173384,24.03497
835,835,835,835,835,835,22.21939,22.086645,22.41356,22.770367,27.320595,23.875656
836,836,836,836,836,836,21.937084,21.97227,22.099926,23.047413,27.36977,23.607481
837,837,837,837,837,837,21.732956,21.58672,21.694582,22.97672,26.935452,23.435085
838,838,838,838,838,838,21.578325,21.556503,21.630232,23.186087,26.252443,23.152687
839,839,839,839,839,839,21.217642,21.353493,21.939152,22.951464,26.349834,22.974752
840,840,840,840,840,840,21.01335,21.123463,22.075266,22.650229,25.965107,22.710762
841,841,841,841,841,841,20.701685,20.854767,22.071806,22.61552,25.494247,22.282505
842,842,842,842,842,842,20.39337,20.565706,20.353174,22.299238,25.463257,22.20574
843,843,843,843,843,843,20.330887,20.470787,20.74123,22.906384,25.23743,22.135286
844,844,844,844,844,844,20.15511,20.33076,20.87959,22.668348,24.938902,21.79433
845,845,845,845,845,845,20.446442,19.883615,21.827808,21.852072,24.988375,21.417255
846,846,846,846,846,846,19.719442,19.661657,21.015108,22.281725,24.270882,21.516218
847,847,847,847,847,847,19.419132,19.131525,20.697233,21.514944,23.807676,21.29805
848,848,848,848,848,848,19.246935,18.62194,20.160332,21.284758,23.245205,21.035923
849,849,849,849,849,849,19.105927,18.474987,19.555214,20.962526,23.571688,20.875736
850,850,850,850,850,850,19.037226,17.968737,19.63963,20.051996,22.477118,20.48844
851,851,851,851,851,851,18.648394,17.799734,19.65067,20.179253,20.634932,20.112814
852,852,852,852,852,852,18.42986,17.7738,18.714144,20.008133,22.177135,19.772049
853,853,853,853,853,853,18.385954,17.364885,19.287182,19.738823,21.732439,19.574017
854,854,854,854,854,854,18.283905,17.433245,18.514273,18.859367,21.40419,19.304321
855,855,855,855,855,855,18.232248,17.160482,18.194773,18.984861,21.588833,18.984512
856,856,856,856,856,856,18.005148,16.866442,18.205055,18.70897,21.035492,18.951956
857,857,857,857,857,857,17.807749,16.914759,17.979311,18.134224,20.84598,18.851192
858,858,858,858,858,858,17.612535,16.8134,17.629358,17.545294,20.87951,18.491669
859,859,859,859,859,859,17.44334,16.811451,17.878002,17.923866,20.57819,18.373856
860,860,860,860,860,860,17.213346,16.686172,18.14976,16.14077,20.323536,18.31837
861,861,861,861,861,861,17.110933,16.466637,17.94547,16.174068,19.747438,18.101871
862,862,862,862,862,862,17.005476,16.139807,17.359243,16.275305,19.886995,17.798758
863,863,863,863,863,863,16.825169,16.036907,17.58059,15.8694315,18.749846,17.540737
864,864,864,864,864,864,16.545992,15.811303,17.354197,15.372723,18.419918,17.42053
865,865,865,865,865,865,16.339157,15.915725,17.358047,15.522817,18.137312,17.490637
866,866,866,866,866,866,16.399214,15.745523,17.259737,15.645169,18.102077,17.261917
867,867,867,867,867,867,16.088106,15.535607,17.252634,15.656858,17.843296,16.826637
868,868,868,868,868,868,15.850395,15.471985,16.798052,15.591923,17.320158,16.669579
869,869,869,869,869,869,15.627284,15.301245,16.518911,15.014415,17.221066,16.31856
870,870,870,870,870,870,15.385212,15.070038,15.582584,14.39418,17.034454,16.236145
871,871,871,871,871,871,15.409027,15.076619,16.059208,14.113913,17.073023,16.019894
872,872,872,872,872,872,15.230351,14.866055,16.154861,14.255113,16.99912,15.753593
873,873,873,873,873,873,14.810916,14.8015175,15.583801,13.990706,16.426977,15.6811285
874,874,874,874,874,874,14.2663145,14.778039,15.406589,13.389809,18.118496,15.481904
875,875,875,875,875,875,14.35104,14.278129,16.027252,13.563997,17.305206,15.205735
876,876,876,876,876,876,13.927552,14.00893,14.756739,13.268142,16.156612,14.956059
877,877,877,877,877,877,13.863129,13.958674,14.064138,13.100766,15.458167,14.770666
878,878,878,878,878,878,13.642918,13.605374,13.531167,12.887825,15.576757,14.770656
879,879,879,879,879,879,13.548892,13.512829,13.553775,12.740771,15.481099,14.461714
880,880,880,880,880,880,13.496132,13.201191,13.69094,12.503365,15.462016,14.181924
881,881,881,881,881,881,13.087685,12.97656,13.6590605,12.386101,15.2520895,14.136309
882,882,882,882,882,882,12.866314,12.80376,13.3296585,12.174265,15.030955,13.849687
883,883,883,883,883,883,12.681677,12.409845,12.922578,12.363085,14.809635,13.686066
884,884,884,884,884,884,12.355037,12.270513,13.168618,12.141442,14.833307,13.549635
885,885,885,885,885,885,12.302899,11.930918,13.075834,12.032254,14.579446,13.20841
886,886,886,886,886,886,12.15894,11.771453,11.93451,11.647859,14.487758,13.167535
887,887,887,887,887,887,11.851714,11.530299,12.032703,11.386565,14.491654,12.930939
888,888,888,888,888,888,11.742667,11.299137,11.76376,11.2789345,14.26836,12.870886
889,889,889,889,889,889,11.553647,11.179809,11.79519,10.992199,13.945792,12.697161
890,890,890,890,890,890,11.436397,11.084371,11.731593,11.247955,14.065779,12.570341
891,891,891,891,891,891,11.259915,10.9234,11.60514,10.478652,14.034222,12.321097
892,892,892,892,892,892,11.3632555,10.717646,11.295894,10.488919,13.975367,12.355191
893,893,893,893,893,893,11.119913,10.717843,11.469139,10.392556,13.882983,11.897387
894,894,894,894,894,894,11.114225,10.470589,11.229675,10.058783,13.56345,11.58893
895,895,895,895,895,895,11.095335,10.246989,11.127339,10.194797,13.30423,11.450172
896,896,896,896,896,896,11.054638,10.121607,10.700118,9.966248,13.012467,11.515155
897,897,897,897,897,897,10.939303,9.96569,10.783683,9.873504,12.991976,11.2585125
898,898,898,898,898,898,10.770656,9.895249,10.530721,9.754572,12.979889,11.149972
899,899,899,899,899,899,10.7655525,9.696266,10.566376,9.448603,12.857709,10.905808
900,900,900,900,900,900,10.509211,9.543198,10.77105,9.6012,12.754772,10.67933
901,901,901,901,901,901,10.248208,9.335119,10.283823,9.42752,12.343428,10.526198
902,902,902,902,902,902,10.014296,9.243351,10.487684,9.073884,12.332005,10.535834
903,903,903,903,903,903,9.913056,9.140913,10.253813,8.886126,12.575461,10.227875
904,904,904,904,904,904,9.729371,8.913535,9.964281,9.129058,12.634612,10.146235
905,905,905,905,905,905,9.554941,8.769578,9.894752,8.881544,12.270861,10.111138
906,906,906,906,906,906,9.384393,8.668351,9.76851,8.755583,11.7466545,9.944659
907,907,907,907,907,907,9.338534,8.3281145,9.460565,8.49681,11.285108,9.906654
908,908,908,908,908,908,9.165986,8.211608,9.490795,8.222948,11.691799,9.939652
909,909,909,909,909,909,9.041675,8.255422,9.243723,8.319697,11.282064,9.61271
910,910,910,910,910,910,9.162333,8.0360565,9.29827,8.084981,10.90659,9.51836
911,911,911,911,911,911,8.971545,8.032347,9.215147,7.9807262,11.731187,9.2646885
912,912,912,912,912,912,8.921962,8.053534,9.105693,7.733261,10.40513,9.015834
913,913,913,913,913,913,8.73727,7.8702703,8.90577,7.3054967,10.170059,8.838075
914,914,914,914,914,914,8.749378,7.834288,9.30582,7.4693775,10.216108,8.573462
915,915,915,915,915,915,8.726132,7.7186837,8.5501995,7.754011,10.13269,8.705887
916,916,916,916,916,916,8.640952,7.50595,8.576617,7.1689835,10.148234,8.5529
917,917,917,917,917,917,8.391499,7.740383,8.063256,7.0970407,9.802458,8.51291
918,918,918,918,918,918,8.228203,7.38799,7.784216,7.2286673,9.793188,8.365373
919,919,919,919,919,919,8.032917,7.288808,8.093065,6.757647,9.747395,8.37748
920,920,920,920,920,920,7.76548,7.2062793,8.478026,6.766768,9.781838,8.1902485
921,921,921,921,921,921,7.772679,7.0943537,7.7011046,6.7487097,9.750708,8.145041
922,922,922,922,922,922,7.371897,6.8840165,7.8483777,6.738492,9.842359,8.0228405
923,923,923,923,923,923,7.2566113,6.7935104,7.6395054,6.737544,9.878745,8.2177925
924,924,924,924,924,924,7.0324154,6.6887693,7.688477,6.952037,9.776731,7.9180603
925,925,925,925,925,925,7.0877423,6.8001666,7.3514485,7.015519,9.698696,7.995706
926,926,926,926,926,926,7.0001197,6.694605,7.265546,6.669911,9.648434,7.673811
927,927,927,927,927,927,6.9055734,6.707205,7.2554345,6.694975,9.612042,7.5897245
928,928,928,928,928,928,6.688772,6.586854,7.318491,6.5247583,9.506509,7.23854
929,929,929,929,929,929,6.425423,6.599453,7.172365,5.9304333,9.394449,7.219431
930,930,930,930,930,930,6.33117,6.502256,6.8573623,6.2429037,9.369169,7.435099
931,931,931,931,931,931,6.2264156,6.476156,6.327443,6.1489964,9.211487,6.985785
932,932,932,932,932,932,6.070305,6.2720375,6.2303576,5.8775167,9.166024,6.7750883
933,933,933,933,933,933,6.089949,6.282618,6.1184697,6.4071627,9.126176,6.733854
934,934,934,934,934,934,5.9417863,6.4415746,6.1427636,5.8344216,9.208146,6.8552766
935,935,935,935,935,935,5.907201,6.1785345,6.0973964,5.7020097,9.219683,6.6006675
936,936,936,936,936,936,5.701638,6.162888,5.869032,5.923435,9.095854,6.49677
937,937,937,937,937,937,5.7485967,6.171063,5.8854713,5.819573,9.126799,6.5195804
938,938,938,938,938,938,5.3360415,5.9776254,5.752557,5.5305347,8.906916,6.3357534
939,939,939,939,939,939,5.454828,5.8890796,5.670516,4.83285,9.246436,6.2228956
940,940,940,940,940,940,5.485012,6.040883,6.0326295,5.407437,8.93528,6.346975
941,941,941,941,941,941,5.252141,5.9037848,5.1651707,5.3002944,9.206326,6.1334596
942,942,942,942,942,942,5.0489397,5.718972,5.460357,5.2789097,8.982086,5.8934364
943,943,943,943,943,943,5.09364,5.62117,5.090191,5.18858,8.818416,5.7731066
944,944,944,944,944,944,5.069557,5.544785,5.2792563,5.0522046,8.70906,5.890466
945,945,945,945,945,945,4.8799,5.6139145,5.1054554,5.260599,8.921817,6.125235
946,946,946,946,946,946,4.869672,5.612592,4.249445,5.63484,8.658422,5.7664003
947,947,947,947,947,947,4.865244,5.4892464,4.8664355,5.072009,8.600066,6.0528812
948,948,948,948,948,948,4.6642337,5.100026,4.7794476,5.087639,10.478195,5.1592255
949,949,949,949,949,949,4.8165812,5.1435046,4.836354,5.1088476,8.556983,5.723667
950,950,950,950,950,950,4.622069,5.083934,4.6799088,5.0924387,8.381207,5.455188
951,951,951,951,951,951,4.6848946,5.0721383,4.7179365,5.0802755,8.279644,5.476465
952,952,952,952,952,952,4.5113087,5.0268364,4.2859054,5.2616735,8.104633,5.4558845
953,953,953,953,953,953,4.4117913,5.014579,4.2638655,5.2463317,8.061587,5.33545
954,954,954,954,954,954,4.075158,5.0000973,3.9741645,5.04872,9.718905,5.222332
955,955,955,955,955,955,3.940671,4.924313,3.9306653,4.9020205,7.8301916,5.0529637
956,956,956,956,956,956,4.1393485,4.9134107,3.836479,4.8069534,7.859523,5.190274
957,957,957,957,957,957,4.141414,4.8253617,3.7466936,4.8178115,7.827475,4.842303
958,958,958,958,958,958,4.128008,4.7278004,3.345788,4.920302,7.833396,4.8011875
959,959,959,959,959,959,4.0874114,4.702503,3.5328903,4.9068613,7.770992,4.92272
960,960,960,960,960,960,4.1398296,4.7012496,3.1558661,4.840881,8.587526,4.8963194
961,961,961,961,961,961,4.0044217,4.6786556,3.3162804,4.468078,8.042441,4.5850754
962,962,962,962,962,962,3.9741764,4.626499,3.0726416,4.9044747,8.259917,4.6139593
963,963,963,963,963,963,3.9571211,4.551519,2.95378,4.5989976,8.248983,4.573049
964,964,964,964,964,964,3.7828035,4.6401896,2.9312131,4.6585464,8.120383,4.649836
965,965,965,965,965,965,3.780753,4.4561357,2.869436,4.435591,8.112591,4.6410174
966,966,966,966,966,966,3.8181715,4.380702,2.8149734,4.8409534,8.051628,4.540909
967,967,967,967,967,967,3.8517513,4.3925314,2.8358603,4.8303437,8.044066,4.401463
968,968,968,968,968,968,3.714418,4.5138593,2.9260871,4.6446977,8.31139,4.480202
969,969,969,969,969,969,3.6270356,4.3578143,2.6963713,4.5474205,8.102576,4.1500683
970,970,970,970,970,970,3.6698728,4.211676,2.6548412,4.568564,7.868676,4.437056
971,971,971,971,971,971,3.7144454,4.354009,2.7367866,4.5552545,7.909299,4.388336
972,972,972,972,972,972,3.7381008,4.1420336,2.7255206,4.4541125,7.785484,4.2593274
973,973,973,973,973,973,3.6014092,4.18086,2.857178,4.5958567,7.8005075,4.123244
974,974,974,974,974,974,3.6010685,4.0212545,2.717723,4.3745694,7.82497,4.1112647
975,975,975,975,975,975,3.635914,3.973983,2.6813693,4.5827684,7.842998,4.183916
976,976,976,976,976,976,3.5264115,3.9974337,2.8185656,4.411505,8.52408,4.0451
977,977,977,977,977,977,3.4020522,4.003604,2.6698833,4.7003803,7.598971,4.032528
978,978,978,978,978,978,3.3278277,3.964198,2.6507597,4.70998,7.473285,3.8992302
979,979,979,979,979,979,3.3968809,3.9379728,2.461801,4.49504,7.5121164,3.9439008
980,980,980,980,980,980,3.3528986,3.930089,2.5083547,4.2946496,7.385916,4.09165
981,981,981,981,981,981,3.2828467,3.8861818,2.4653187,4.5867457,7.4662023,3.8273876
982,982,982,982,982,982,3.250273,3.82081,2.4931772,4.4269376,7.055079,3.828968
983,983,983,983,983,983,3.115261,3.7232482,2.3910315,4.357521,6.9702864,3.6863883
984,984,984,984,984,984,3.2081704,3.9680533,2.8013024,4.1645575,6.999459,3.9382672
985,985,985,985,985,985,3.093927,3.8579605,2.7605624,4.4324875,6.424114,3.6449208
986,986,986,986,986,986,3.047684,3.7168128,2.5180273,4.3785963,6.185573,3.5153258
987,987,987,987,987,987,3.1460285,3.7895176,2.610613,4.395306,5.938266,3.6951568
988,988,988,988,988,988,3.045997,3.5590663,2.2859917,4.335898,5.644805,3.5444064
989,989,989,989,989,989,2.7916763,3.7624645,2.5197506,4.011907,6.012518,3.5486817
990,990,990,990,990,990,2.835588,3.545691,2.7939918,4.0413465,5.2650886,3.4090223
991,991,991,991,991,991,2.9372847,3.5218709,2.4439003,3.909609,5.091739,3.3607612
992,992,992,992,992,992,2.8986945,3.4373326,2.4485564,3.996612,4.9253054,3.300821
993,993,993,993,993,993,2.8672953,3.4127035,2.3028226,3.7133183,4.7149987,3.2454321
994,994,994,994,994,994,2.8555238,3.5058873,2.4034657,3.7458856,4.605408,3.3430867
995,995,995,995,995,995,2.6690128,3.5130143,2.2784696,3.7499614,4.267668,3.3548465
996,996,996,996,996,996,2.785807,3.3751888,2.2263765,3.7578428,4.5322375,3.1787434
997,997,997,997,997,997,2.5569093,3.428013,2.3395553,3.7068055,4.1899133,3.1668644
