day,mixed_setting,mixed_time,night,rural,urban
-0.7007125,1.0275378,-1.7703704,0.6676505,-0.5233359,-0.9562264
-0.2201387,0.4291288,-0.5464155,0.23975927,-0.5039962,-0.4675674
0.7129861,-1.036094,-0.47200787,-0.50615627,-1.6848847,3.558151
-0.30021155,1.2019972,-0.3205305,0.69445944,-1.467852,-1.162353
-1.1639802,0.06339749,-0.48414084,-0.4626087,-0.19460233,-1.5879182
0.60777754,1.6881802,-0.2628564,-0.377248,1.320378,-1.1465325
-1.5667651,0.5758805,-0.33454308,0.3648926,0.33875686,-0.9290457
-0.8538975,-1.8851706,0.5758805,-1.5457861,2.1730144,-0.10465429
0.8346478,0.1249359,-0.02586251,-0.49848425,-0.21200223,-1.7163274
-0.6423588,0.9884171,0.119186796,-0.7319384,0.56280243,0.3648926
-0.58331347,-0.41208065,-0.82739544,3.0382411,0.099082135,-0.5020237
0.47892728,1.1251029,-0.21690972,2.454421,-0.64434296,2.0431123
0.18355876,-0.549615,-1.5981481,-0.8743845,0.36696896,1.7807933
-0.52849865,2.153497,-1.0761039,1.3548226,-0.25128263,-0.041549746
-0.047166295,0.7230284,0.16633968,-1.0001992,1.6025348,-1.1120743
0.07823597,0.6493849,-0.6189039,5.121583,-1.5063264,-1.6588598
0.67968404,1.6212307,0.50123084,4.910907,0.56896925,1.9872993
0.51359606,2.024567,-0.26333964,0.4685467,-0.598685,-0.68004435
-0.671008,-0.13381706,0.65889126,-1.3074254,-0.08128608,-0.042643003
0.44245878,-0.41970316,-0.937761,-1.132657,0.09069466,-1.8532292
-0.06705709,0.4196229,-0.9692857,1.7342685,-1.0366131,0.1581607
-0.04341524,-0.6842479,1.0245334,0.93093425,-2.204597,1.3916019
0.6895861,1.2351338,0.41868716,-0.015005925,-0.26193774,0.22176898
1.115976,0.36692458,-0.27465042,1.1099638,-2.8924842,-0.6642205
-2.2590148,-0.120530635,1.2395209,0.15716776,-0.09690843,-0.5440245
-0.53740436,-0.98419607,0.3832009,-0.58916867,-0.81334317,-0.51864016
2.1217504,-0.36816084,-0.23685515,-0.03259366,-0.5648771,-0.49891114
-1.0020467,-1.7550905,0.69466776,0.25311315,0.75835925,4.0088906
-0.73991436,0.0979654,-0.002455453,0.2974799,-0.069394715,-0.0048242477
-2.080718,0.9957305,-0.8429136,-0.33981213,-0.18407273,0.3068633
0.9961984,0.69896567,-0.9010488,2.791739,0.51359606,-0.48986754
1.0140414,0.15981318,-1.0762978,0.94243455,-0.21504174,5.0478086
-0.4785151,1.2378658,-1.1001586,0.83620805,-0.8978932,0.6917342
-0.47892943,0.14370888,1.5902468,1.7297666,0.1804331,0.18810554
0.24565457,1.9558246,0.48479486,0.28051415,0.90374666,-0.41332653
0.21425022,0.86330855,0.6284764,-0.24768399,-0.6265563,3.0640678
0.59797215,-1.9542946,0.36692458,-2.0518765,1.2966533,1.0235329
-0.3069043,-0.2681276,-0.6966417,0.14222886,-0.40789717,0.2395821
-0.08190079,0.21853857,0.7882678,0.23287444,-0.25539783,0.037591226
-0.65733993,0.74233055,-0.96977067,0.31187838,-2.1006074,0.1277843
-0.068672426,0.6192166,1.3300803,-0.32151407,0.03644989,1.905787
0.88179785,0.68459326,-0.038504336,-0.09212388,0.3966203,-0.32211512
-1.5023103,0.035450388,1.3516636,-1.1619654,1.3416915,-0.09268566
-1.0071694,0.928615,-0.053358182,0.62575287,-2.038318,1.3037959
0.20858479,1.4510975,0.056497615,-0.36573613,0.15184279,0.64439416
2.0206122,0.54658586,0.7077851,-0.33194718,0.56792676,0.60259765
0.087769635,-0.6618248,-0.5171546,-0.441821,0.6026344,4.248003
0.11790699,-0.41945896,0.610595,-0.88347167,0.076501526,0.564259
0.28906384,1.1587057,-0.26008847,-0.48747292,-0.8551482,-0.46139973
-0.30580804,0.9075904,-0.6618248,-0.84805846,2.4678395,0.6197321
1.4799943,-0.14353642,-0.48509112,-1.1425471,0.6895861,-0.29207766
0.1502061,-1.1823651,-0.26943558,-0.48171613,0.15198536,4.910907
0.08501707,-1.2043155,1.9547983,0.18810554,-1.339277,-0.68466324
1.6456383,1.4965866,-0.5919964,3.53583,0.19899413,-0.31535238
-0.19460233,-0.3365917,-0.1632048,1.0235329,-0.061010662,-0.29126912
-0.42245886,-0.104168914,-0.7662686,-0.33875003,5.2990174,5.104227
-0.7050838,-1.9799633,0.58434653,-0.5460091,-0.020137103,0.22349744
-0.5233359,-0.4799386,0.11453373,-1.5879182,-0.45718294,-0.60744286
-1.8597716,1.2540466,1.1596875,1.3892928,-0.84326106,-0.25331676
1.1720433,-0.40548953,0.54645264,-0.5136746,-0.06989844,-0.31117657
0.75835925,-1.5599152,-1.3824806,0.87511796,0.07379677,2.141815
-1.7345845,0.754046,1.3956689,1.6538969,-0.07828677,-0.22270001
0.06253625,0.4201454,1.5684607,0.18820073,0.6428275,0.2707474
-1.3581489,1.2128707,1.0276493,-0.68466324,-1.2694691,-0.96184427
-0.58268,-0.79265535,-0.02644259,2.2065701,-0.7949896,0.023880368
7.911394,-0.10405451,1.0024459,-0.5367128,-0.6909078,1.812225
-0.28261614,1.2185104,1.2579774,-0.24164525,1.1969026,-0.21716414
1.131653,-0.24097419,1.0964445,-0.06109241,-0.69862586,-0.4719558
-0.45054486,0.054381534,-2.5119112,-0.2543289,0.9454313,4.361233
-0.5166013,0.12916058,0.053359143,0.6197321,-0.40732172,-0.5661911
-0.2149691,1.665235,-0.51848644,-0.85204214,-0.008891198,0.8830068
-0.552517,0.8135318,-0.62088466,0.34518877,-0.1760304,-1.1088462
0.17911743,0.6071577,0.8142584,-0.084421135,0.71448386,0.079814814
0.06823529,0.37498826,0.26109335,-0.95721513,-2.138218,-1.1366339
-0.5719088,0.6923899,-0.77341986,-0.32211512,0.041216988,-0.28424728
0.37259704,0.8274415,0.3960673,2.1673095,0.363629,-0.058619667
-0.47200274,-1.0547843,0.20833613,0.28959444,-0.11538579,1.1632401
-1.4239066,-0.09637652,-1.7471743,-0.8924393,-1.5579354,-1.5338435
-1.716365,-0.6265742,1.1630275,-0.5661911,-0.42209372,1.6865853
0.04016322,1.038006,-0.3847915,0.39032137,0.6130234,0.7441337
1.0153724,0.30180556,1.4481162,1.3502339,1.7713583,0.06480398
0.83544564,-1.7686398,-0.31584865,-0.79355526,0.8204884,0.9482522
-0.5777076,1.9547983,0.96552575,1.4228333,0.6392109,-0.476614
-2.810418,-0.67054015,0.85002214,0.8398315,0.5836909,-0.5544679
-1.0099715,0.7028179,0.8474719,-0.22736332,0.043136805,-0.36782616
0.31692418,0.24427317,-0.025956426,-0.5500555,3.9617622,1.8566374
-0.8527068,-0.45204067,0.7024888,0.14198361,2.1217504,2.939387
2.0811431,0.57887995,-1.4078965,0.6742387,1.9209787,-0.5018686
-1.2209748,-0.7499812,-0.6774813,-0.23648462,-1.6121124,-0.53081155
0.13388366,-0.3696225,0.10784868,2.0401747,0.04192091,1.7342685
0.6476718,0.14578995,-0.8545283,0.94408065,-0.65701467,1.8688883
0.36769125,1.4848096,-1.0049838,-0.6141531,-0.25279555,-0.58685327
-1.9482875,-1.2307863,0.69896567,-1.052947,0.34274912,0.6193299
3.7671156,-1.0641272,1.0908021,-0.41637513,1.055995,1.4343883
0.19595897,1.0385832,0.7742241,-0.019997085,-0.81550235,-0.47050267
0.6101064,-0.68545043,-1.334933,-0.7026045,-2.1301258,0.6920671
-1.909731,1.021658,1.2383507,0.63352734,0.69382083,3.1196797
0.12091099,1.9806694,0.0016225968,0.13397415,1.3160323,-0.8714138
1.0289834,1.0191001,-0.51461715,0.1247312,-0.11899897,0.13161902
0.69980407,-0.6022933,0.9312587,0.01753224,0.80475676,-1.4313549
0.5080619,1.2804521,-0.8046065,2.2888656,-0.003835151,-0.52390516
1.9043694,0.66131425,0.0026347453,-0.24312569,0.07232145,1.2748163
-0.04285794,-2.3654404,1.4141515,0.12529299,0.24281001,1.7340671
0.3425203,-0.8990697,-0.5280863,-0.077447936,1.1852316,0.22667518
-1.1121699,0.10816885,0.60968316,-1.0996826,-0.6943502,0.8398315
0.21339303,0.7011206,0.4201454,0.40606412,-0.39302272,-0.22736332
-0.7730826,1.462357,-0.08768938,1.0800313,-0.18406335,0.18460634
0.5724902,-0.28343576,-0.6069784,-0.2621482,-3.536308,1.7296087
-0.39631188,2.2540152,-0.61085707,0.564259,0.74792105,0.7286462
-0.2516071,1.1440333,-0.13186362,-0.7147246,-1.8169003,0.2351651
-0.010778038,-0.38778397,0.49305937,3.637395,-0.051783077,1.7038282
-0.37847784,0.31592014,-0.7848698,-0.11520138,-0.035062775,-0.44276613
-0.12959258,-0.66144234,-0.6776623,-0.21745785,7.911394,-0.23112334
0.78133947,-1.4162985,-0.19689386,-0.97243106,0.3824257,1.9621322
-0.28969562,-0.5190397,-0.6702541,0.97776204,-0.5445556,-0.690089
0.5435319,0.28889138,-0.46723443,-0.3597187,0.027611038,0.34065822
0.47601804,-0.16727644,1.4848096,0.2707474,1.3463446,0.69969136
0.4906671,-0.64605904,-0.6832682,0.30936316,-0.43318126,-0.3483806
0.27657482,0.98222214,0.26354626,0.6953286,-0.05762972,-0.1811358
-0.47518647,-0.55465746,-3.8652384,-1.1120743,-0.66773975,-0.84003466
-0.89682895,1.1201851,-0.06851021,1.8887094,0.82825005,-0.9951517
0.63647145,1.1123543,-0.2195308,1.9437138,0.3476122,1.6974872
-2.4248075,1.7173775,-1.2634517,-0.28424728,0.96385574,2.7769597
1.183308,-0.7261037,-0.3043293,-0.2800685,-1.0053014,-0.6092016
0.84143996,-2.2886913,0.26445636,-0.9951517,-0.6479971,0.117594294
0.037333813,-0.13881505,-0.25313532,-0.41332546,-0.55963576,-0.2621482
-0.8526466,2.0864553,0.63887537,0.09955683,-0.091652595,2.430135
-0.48167643,-1.6574033,1.3169287,1.8550528,-0.37715107,0.34565535
0.4674306,0.9239242,1.7010517,2.1985703,-0.6102757,-0.12100216
-0.40789717,0.07876232,0.27319047,-2.0537643,-0.23479798,-0.44248694
-0.011443981,0.31369862,-0.6456953,0.39627603,-1.492748,0.83164376
0.09977924,-0.31155735,-1.6008323,-0.041549746,-1.8451823,-0.5805994
1.0012647,0.022673773,-1.2307863,-0.8858823,0.77366745,-0.15398832
1.6666464,0.723193,0.5480919,-1.1366339,-0.63255125,1.5895591
-0.90475583,1.2597694,-0.68545043,0.010930009,-0.21368928,0.23975927
-1.6315622,0.16409016,0.32239687,-0.053978983,-1.137664,-0.021128336
-0.4672912,1.0324931,1.261372,0.025462944,1.190017,4.8292756
0.6606466,0.4376614,1.0931075,1.7897904,-0.6653003,-0.5264645
-0.68523526,1.6784881,-0.46555847,-0.39112565,-1.5946305,1.537984
-0.43740615,1.8471806,0.09761364,1.6676214,-0.21214396,-1.1425471
-0.37945798,2.2968867,-1.4310441,-0.52725685,-0.5439801,0.39032137
0.3824257,-0.6846573,-2.656858,0.04990819,-1.0004758,1.2387565
-0.14197145,-0.9086593,1.2186406,-0.5977448,-0.6912864,-1.1888968
-0.55255884,1.7795178,-0.07942261,0.5693739,0.631982,1.215929
-1.3559718,-0.27285665,0.0126170665,1.6361177,0.027843265,3.2486777
-0.54697174,0.39155167,-0.25390032,-0.65380615,0.756983,-0.34932658
1.3463446,1.4101813,-0.31155735,-1.0217702,1.6784403,-0.4626087
-0.9386114,0.18879154,1.4195284,-0.10465429,-0.63631064,-1.5740546
-1.367093,0.7873893,1.1331984,-0.020085877,-2.0773404,-1.1223212
0.14880933,-2.1900923,0.6109636,-0.6580067,0.9306849,1.6889682
-0.5417603,-1.7702799,0.4376614,2.159943,1.1211823,1.689408
0.467926,0.7077851,-0.43530843,1.3843513,-1.616383,1.0249379
-2.736819,1.1364197,0.68993956,0.51310086,-0.29361787,-0.17127381
0.52952063,0.7044264,-1.1236616,-1.910513,2.3205874,-0.2730641
-1.1324111,-0.2257514,-0.104168914,2.0946763,0.3133349,-0.20405872
-1.6121124,1.9390846,-0.35598433,-0.68738836,-0.46386117,2.0034413
-0.14340174,1.8151705,1.0837657,-0.39114442,0.28257516,-1.1444801
-0.6943502,0.7474113,-1.436498,2.4990323,-0.77424973,-1.8098251
0.035312075,0.41805494,-1.1920387,-1.5740546,-1.0071694,0.38045603
0.7989716,-0.26943558,-1.048072,-0.6382299,0.6606466,-0.44791695
-0.30424392,-0.6069323,1.7707537,-0.19749106,1.8075066,0.7956265
-1.1371906,0.13434981,0.4828414,0.29328373,-0.5599218,0.217927
-0.16111134,0.54331076,0.67787236,-1.0611587,0.52629423,0.04990819
0.377899,-0.8046065,-0.12403794,0.8830068,-0.41355428,-0.36573613
-0.65087944,0.15200073,1.2711297,-0.30623066,-0.072481215,0.1393333
-0.8103302,0.60968316,-1.7370083,-0.20657223,-0.2764263,1.1285871
0.1470608,1.6170012,-1.6491773,0.1277843,-0.3814985,-0.7026045
-0.027008275,-2.3639908,-0.32364678,2.8330364,-0.051024925,5.0199013
-0.6707724,-1.9145327,-0.13881505,1.8227963,6.0350385,-1.052947
0.24842422,0.1484627,-0.7164757,0.47423494,0.1860821,-0.3245057
1.907781,0.10270299,0.221147,-1.4313549,-0.17685749,1.8550528
0.5488791,0.014860784,0.35315534,0.5534357,-0.5426658,-0.48605183
-0.16183108,1.5516784,-0.7723014,-0.33241162,-0.8666378,1.2645633
-1.5991658,0.3783058,2.4534936,0.15675923,-1.2843026,0.61542565
0.39815903,-0.730376,-1.0943055,-1.1465325,0.47879732,-2.226895
-0.9474974,-2.1400604,-0.556978,4.1519046,-0.62428266,-0.73911864
-1.9284885,-0.17456767,-0.6033315,-0.44791695,-0.28338966,0.16910267
-0.08824263,-0.2646886,1.1201851,-0.6543321,1.5766006,-1.0310485
0.8045416,-0.41072997,1.538401,0.4870151,0.878615,2.89232
0.58764523,0.6540964,-0.31008032,-1.1251917,-0.51876307,-1.1501013
-2.0456586,-0.8677277,-1.3964868,-0.3291306,-0.34614372,-0.12831022
0.0009792784,-0.69292265,0.917267,-0.98983353,0.64033705,0.69323826
-0.32119134,1.6776583,-0.596909,-0.53176093,-1.1126617,0.1357547
-0.16540454,-1.2084594,1.2848469,-0.29207766,-0.45505023,-0.24312569
0.099082135,0.3447128,-0.8143976,-0.2599638,-0.5152131,-0.42351097
0.071894564,0.38170424,0.58597213,-0.64012873,-0.48717687,-0.14137125
0.027843265,0.41858384,-0.23930591,-0.20347954,-0.4507788,0.8476018
-0.28130132,-2.3840296,-0.34618556,-0.29420698,-0.33112258,0.34569463
0.30221877,1.1336969,-0.97439986,0.011888584,0.1526069,-0.32127756
-0.37525228,0.09275909,-0.75072485,5.162219,-0.57848966,-0.056536887
0.17920366,0.25338382,1.1065708,-0.4564547,0.4504629,-0.29664022
0.19463648,-0.48271847,0.2388517,1.8256795,-0.6942298,0.6953286
1.3306471,0.16411905,0.35194597,0.37852225,-0.65835506,-0.33395526
2.0906303,-0.26060927,-0.25347856,-1.4189461,0.18168986,-0.11520138
0.15909271,0.7031831,0.12797767,0.21125603,-0.80424535,1.1394325
0.24507229,-0.13267812,0.54658586,-0.54409623,-0.9887262,5.185449
-3.1602361,0.38126284,0.15720363,-0.22270001,0.9640901,-1.2084773
1.5766006,1.6696123,-2.63404,0.34032953,-0.17479222,0.14931305
-1.6081953,0.18290387,-0.36130333,-0.13725883,-0.8311435,1.8390983
0.009330892,-0.45442098,1.0326481,1.4133146,-0.3749876,-0.19911537
-0.48556837,-1.1236616,0.28614393,-0.7753084,0.8473396,1.5336062
-0.61418426,0.6605988,-0.22908367,0.99036545,-0.54847527,-0.36301312
0.17917635,0.31947866,1.0191001,-0.043101907,1.0163252,-0.48171613
0.26694426,-2.2624564,1.2843795,1.4546646,0.23831426,0.37852225
-0.8044972,2.0656097,-0.120530635,-0.45821345,-2.030366,0.14222886
1.2609519,0.8831912,-1.2343364,1.2818079,-0.8869094,4.2881665
0.3856922,0.06535125,-0.30660376,-0.96184427,2.5018947,-0.3291306
0.9822836,-0.117118955,-0.42063546,4.411398,0.62353134,1.1295143
0.5682922,0.9212357,-0.5922559,-0.6101561,0.38766044,0.33551937
-0.060798924,1.9265469,-1.1771592,0.7936035,0.37821916,0.87511796
-0.5087056,-0.15480964,0.073209375,0.42238528,-1.0024122,-0.015005925
1.1427077,-1.204176,-0.13146064,0.3640192,-0.2962603,0.93093425
-0.22202052,0.064978145,0.8104224,0.38045603,-0.014930366,-1.0611587
-0.1393653,0.024563067,-0.2944836,0.07590218,0.2676951,-1.0741086
-0.5692143,0.5648259,-1.481286,-0.04176191,-0.879555,-0.97243106
1.8885301,-0.6832682,1.6641858,-0.14137125,-1.70307,0.013231783
-1.0813811,-1.784222,0.46309042,0.0016830012,-0.21209016,0.13235454
-0.5599218,0.10795284,-0.83758605,-2.4490921,-1.9058139,-0.58916867
-2.7112076,-0.27638274,0.34523872,0.14568792,1.0519823,0.0062231557
-0.5377852,1.2818284,-0.26705143,-0.32282183,1.7576705,-0.43461174
0.32960784,0.91073394,-1.3999224,0.0019479912,0.014107755,0.31187838
0.556838,0.073045455,0.36929125,-0.6642205,-0.056436144,0.14322223
1.1852316,-0.6982604,-2.2284994,1.905673,-0.36510432,-0.121872656
-0.016629376,-0.3162036,0.3794424,2.5190659,0.24565457,1.7897904
0.18114515,0.45889136,-1.3151042,1.812225,0.8746125,-0.79355526
-0.3274068,1.7281846,-1.1568427,3.3813136,-0.91160136,0.3922953
0.9126413,0.52726835,-0.90341884,0.11113987,0.18114515,-1.7393452
-0.54764456,0.42731538,0.31592014,1.373977,-0.11414441,1.9947994
-0.11899897,0.896061,0.88273805,0.1551994,-0.46114275,0.5693739
-0.42354855,-1.9245218,-1.8007997,0.037591226,-0.111557476,0.37983364
0.66317034,0.6281748,-0.70134085,-0.046306547,0.020403482,0.46536127
-0.21198685,-0.4911085,-1.6129184,-0.6879332,0.3022427,3.8763294
-0.11021406,0.8824416,-0.77706033,4.9369025,0.4461138,-1.0971879
0.20628025,-0.32312942,-0.6084554,0.10084603,1.5149072,-0.65380615
1.7749407,0.24733992,-0.77056825,1.7038282,-0.7042983,0.5268961
-2.204597,0.096682176,-1.4529109,-0.12707224,0.8110405,-0.41637513
0.3111817,-1.24733,-1.687574,1.8501359,0.039658636,-0.14906076
-2.1433065,1.7764715,0.50581264,-1.0741086,-0.2410442,0.42238528
0.4194897,-1.0871543,0.31369862,0.43080264,0.39834514,-0.55192494
1.7576705,0.49580598,0.85667646,0.061070427,0.7970711,0.13397415
-0.27397937,1.962414,0.29986835,-0.16231063,-0.8167527,-0.58628
-0.17634352,1.6171087,-0.2779716,-0.66760826,1.5331059,1.8678782
-0.15998991,0.6955113,0.15200073,0.3458116,-1.1231135,-0.20662004
0.31340662,-0.8855869,2.208282,-0.15398832,-0.40269768,-0.029347613
0.3752574,0.54645264,0.72744757,0.5268961,-0.5166013,-0.54278743
0.878615,-2.0226724,-0.44583225,-0.026480641,0.5074711,2.24175
0.5836909,0.3811586,-1.1967635,1.3140626,-0.45222083,-0.3042388
-0.052390963,1.893581,0.10956306,-0.5056933,-0.54527956,0.21125603
-0.2820629,-0.9354695,1.0108927,0.74204534,1.5841888,2.0946763
0.82590985,2.2305176,0.11412221,-0.26485422,-0.55944645,-0.43063188
0.2376291,0.267135,-0.7785493,0.217927,0.52069604,-0.25479847
0.27012715,1.026795,-0.897287,-1.1223212,0.29252547,0.45323682
-1.3019671,1.8504176,0.6605988,0.036872882,-0.3585593,0.41127983
0.16345069,-0.39735648,0.4521141,-0.12020065,-1.1953979,2.0825343
0.5448544,0.96960104,-0.6565314,-0.530914,0.8451351,-0.62539256
0.054562964,-0.68354225,-0.20344613,0.48454213,-1.7699137,-0.20657223
-0.3971136,0.6510442,-0.6673504,0.45323682,-0.25518566,-0.6580067
-1.0241766,-0.6989503,1.4755906,-0.34514993,-1.8849938,-0.32151407
0.39528352,-0.12512223,1.8754264,-0.50770503,-1.2857488,-1.5457861
-0.81550235,0.54057014,0.5668152,0.22349744,-0.85613215,-0.7753084
-0.5813071,-0.28207186,-1.1468263,0.14228137,-0.61418426,-1.1619654
-0.66773975,0.5210683,-1.1722175,1.5724982,-0.28523552,-0.93311906
-0.026808491,1.1911004,0.4933821,0.2676734,0.78133947,0.3640192
-0.40269768,-0.7541963,0.07550603,1.686999,0.059496067,0.34518877
3.1033134,-0.021586811,-0.38970923,-0.38252473,-1.1347591,1.8781047
0.319932,0.9371352,0.4291288,0.63022155,-0.33155274,1.7330886
0.36956102,-0.4170332,0.46554396,0.013231783,-3.6515162,-1.8657395
0.7460342,0.09168397,-0.20351914,0.96545744,0.94610494,-1.0996826
-0.07138913,0.48180664,-0.8304041,-0.26373968,-0.6614124,-0.50579417
0.35146785,0.9010248,0.5733039,1.5251377,1.8885301,0.3067694
2.3205874,1.2579774,-0.99524045,0.8371814,-0.8358034,-0.84805846
-3.0066695,-0.08768938,1.6187795,-1.2323701,-0.9549202,-0.37111488
-0.41547868,0.26109335,-0.34728608,-0.17127381,-0.5124913,-1.1797632
0.1699925,0.43627533,-0.5181535,3.3605943,1.2921146,5.0146904
-0.32798567,0.80808985,-2.186917,0.5395815,0.60919136,0.048765842
0.2925643,1.2282627,0.06486889,0.7286462,0.6723382,0.9643211
-0.10116193,0.014599528,1.1708275,-0.44205666,-0.6433338,1.8145617
-0.04523634,-1.0638326,0.7050394,1.215929,0.27302057,3.9264886
-0.35497516,-0.36525118,-1.6100395,0.7646819,3.1840632,-0.0529647
-0.051820643,-0.45737848,1.6259571,3.380084,0.43500873,0.06298288
0.32910922,0.9507512,0.20548764,-1.0971879,-0.6425099,-0.37886375
0.23284455,0.3137618,0.77898645,1.6457553,-0.7216777,-0.34514993
-0.78823453,-0.35542253,-0.66853887,-0.25479847,-0.8105803,0.115707666
-1.0845888,0.89367557,1.4120117,1.6974872,-0.11021406,0.4211648
-0.45941216,1.3782274,0.014860784,-0.46139973,-0.041384112,-0.8858823
0.30157846,1.4120117,1.0151299,-0.064216584,1.1510285,3.53583
0.34011266,1.0167564,-0.30823445,0.34065822,0.59635913,-0.12864837
-0.012000001,0.7742241,-1.1657869,1.3037959,0.74279326,4.897856
-0.41645882,1.8294764,-0.42445183,0.9080377,-0.31500405,-0.41332546
0.6428275,0.73541665,-0.05551791,-0.02850003,0.49404997,-2.4490921
1.4433718,-0.1670852,0.46832213,-0.37111488,1.6456383,-0.04366113
-0.7635844,-0.20672078,-0.66701233,0.2061351,0.69980407,0.8371814
0.91932803,-0.41153425,-0.51730144,-0.070905894,-0.40367952,-0.620147
-0.568813,0.060257208,0.61817646,0.3067694,0.36945686,4.448895
0.5354555,0.045536015,0.05368187,-1.7233267,-0.9552975,-0.47506014
-0.21209016,0.99964255,-0.11273568,0.14419553,-0.8095823,0.4685467
0.014621726,-0.6269268,-0.45476764,0.90601087,0.10853894,-0.37327665
1.6133345,1.0553991,0.8831912,-1.0310485,1.7749407,-0.655839
-0.40856224,-0.50300753,-1.2539177,-0.6208663,0.2709092,-1.2389528
0.9010931,-1.5542103,-0.50142634,-0.3245057,-0.45565042,0.025462944
-0.27429354,-0.4073482,0.58628887,0.012366484,-1.9462214,0.6676505
1.1857626,-2.250467,-1.0599061,1.2645633,-0.2149691,-0.47092786
0.03851885,1.1438142,-0.45063877,-1.2311748,-0.46366736,-0.6511682
-1.2829758,-0.611281,-0.43932799,3.9316335,-0.6715365,-0.5056933
-0.20626146,-2.8053055,-1.6502078,0.7956265,-0.68511236,3.9364808
-1.5603634,0.6358858,1.0825661,-0.068829946,-0.28651616,-0.85204214
-1.1210338,-0.76620376,-1.0313781,5.0146904,0.17529508,0.51310086
-0.32866186,0.8188679,0.5733508,0.6873099,0.7989716,2.0754766
-0.70124185,-0.40953812,-0.858886,-0.5732741,0.5448544,2.8915768
-0.51876307,0.48417673,2.0864553,-1.1444801,0.79296273,0.67102337
-0.36510432,0.028397365,0.8974586,0.1378076,0.5176737,-0.026480641
-1.6029497,-0.18257436,0.28889138,-0.620147,-0.7650588,2.3062978
-0.65651774,0.10854536,0.111840926,0.15523525,-2.1572742,-0.6879332
0.2327421,0.3152226,0.11879235,-0.9290457,-0.07138913,0.14048247
0.8746125,1.14977,-1.4785275,-1.1797632,0.6294557,0.23533267
0.5869147,0.473928,-0.07580143,1.3742182,1.2001103,-0.9359271
0.94226575,0.47800735,0.6988069,4.041639,-0.88476086,-0.043101907
1.2966533,0.030141624,0.31947866,0.00943201,0.16867493,0.25311315
1.190017,-1.6845115,1.3142308,-1.7163274,0.19875422,1.4825207
-0.15906912,1.7221828,0.09763755,5.0255833,0.88165003,0.42995697
-1.5066406,1.4738028,1.8370287,0.17944272,-0.5426551,-0.15739316
-1.2417693,-0.7361543,-0.06901394,-2.226895,-0.70124185,0.4870151
0.14269118,1.4755906,-1.3334893,0.64439416,-0.901713,0.34032953
0.14251189,0.10300325,0.32894874,0.6917342,-1.4512273,-0.530914
-0.21021101,0.05325669,0.21238695,3.5709147,0.2569709,0.5289674
0.18168986,0.609176,-0.076633014,1.5895591,-3.0066695,4.9174266
0.07192872,-0.35598433,-0.39554307,-0.31535238,-2.9438114,0.2676734
0.20788875,-0.35730255,-1.1875274,-0.48229414,-1.1276745,1.8887094
-0.35526544,-0.15409076,0.723193,-0.52655464,-0.28552923,2.2859857
0.5577566,-0.11892725,-0.3147624,-1.2492279,-1.63791,-0.7012077
-2.5847483,0.9122025,0.261545,-0.34932658,-0.9254283,-0.7279112
-0.091652595,0.040448803,1.2378658,0.14931305,-0.89256823,-0.7319384
1.2921146,-1.3904318,-0.8445972,-1.1888968,0.5435319,-0.66544545
-2.109644,-1.4747112,-0.19739245,-1.7393452,0.37881592,-0.3597187
0.32562584,-2.0448577,0.9090725,2.2496371,-1.1928515,0.019774571
-0.88300765,0.6444027,-2.0817025,-0.8624198,-0.6707143,0.09955683
-0.54527956,-1.3726187,-0.16046675,1.0438689,0.7309514,-0.45740408
0.28961024,0.4198039,0.6417133,-0.5986861,-1.0137708,0.102505766
0.3476122,-0.17636316,-1.5790918,-0.058619667,1.6401844,0.27698186
0.44087097,-0.47200787,1.4129595,-1.0483363,0.881616,1.9108958
-0.010904396,0.5761913,-0.4073721,-0.55192494,-0.4663482,0.63022155
2.1730144,-0.44900593,0.054651327,0.0062231557,0.07886179,0.3458116
0.4520902,0.27995238,-1.0653968,2.6622252,-0.68889284,1.2788777
-0.9779635,0.12843914,-0.56805146,0.37983364,1.8203068,1.642765
0.05456638,1.652711,-1.9799633,4.448895,-1.0699533,-0.26734555
-0.16588138,1.7707537,0.8649034,-0.3596183,-0.5333011,-0.019997085
-0.5648771,-0.44418085,-0.9751119,1.2788777,-0.8164791,-0.3374254
0.24376944,0.036626887,-0.09184555,-0.099285334,1.2196873,-0.103803076
0.26184553,1.8754264,0.8082726,-0.47544944,0.15712507,0.94408065
0.22315252,0.38326067,1.5253972,-0.02297334,-1.0336182,3.7610414
-1.1874487,-0.49484292,-1.2566113,1.5336062,-0.6226861,0.48454213
-0.7117885,-0.5664839,0.10512173,-0.37886375,1.0774931,-1.1251917
0.2756203,1.1692964,-2.0668979,0.69969136,0.034519773,1.221499
-0.43109655,0.8571494,-0.08299363,2.24175,-0.11657638,0.30936316
0.1526069,-0.6776623,-0.8226655,1.1394325,-2.1433065,-1.0001992
-1.7184533,0.50238645,-0.24097419,-0.04366113,0.090926886,-0.1438918
-0.6492483,0.9552634,-0.16363767,-0.38954252,0.22315252,0.74204534
0.016421482,0.3826135,0.4134006,2.7769597,-0.18128175,2.6622252
-0.43528792,-1.1920387,0.7028179,-0.31117657,-0.7512934,1.4546646
-0.5607875,1.6641858,0.4630663,-0.413931,0.67968404,-0.6584917
-0.656931,1.7010517,-2.1900923,-0.42933884,0.12933101,-0.6017055
0.61440283,0.12026975,0.61253476,0.115707666,0.2841128,0.63352734
-1.339277,1.654206,1.2804521,1.1295143,0.22376126,-0.21745785
-0.10403402,-0.19660187,-0.28266224,-0.6455971,0.8314303,-0.020085877
0.28257516,0.6529968,1.8216012,0.25929362,0.18392332,-0.53176093
-1.5476457,0.9493945,-0.63878316,-0.20405872,0.43329144,-0.28366116
0.60919136,-0.42445183,0.5428813,3.552983,0.27599597,-0.67688024
1.0774931,-0.4488292,0.3574193,-1.1501013,0.7460342,2.0588837
0.2734022,0.069430575,0.10854536,0.34565535,-0.4767254,0.5193488
0.36798432,0.6644715,-1.3357561,1.4482391,-1.2331454,0.83620805
-2.262261,0.48803365,0.1545962,-1.8532292,-0.7007125,0.1247312
-1.4652907,1.609115,1.1587057,1.4286356,-0.53852963,1.9042362
-1.9103969,0.12784235,0.035450388,4.199557,-0.00688483,1.3392967
-0.33533835,-0.27351832,0.53722674,-0.45703802,-0.044660896,1.2818079
-0.9989399,1.1690688,-1.746306,0.8268661,-0.01257267,1.6361266
-0.056436144,0.0015995449,-0.53441447,0.01532577,-2.0314672,-0.38545316
1.4394383,-0.085003406,-0.34434056,-0.12831022,4.233805,-0.6382299
-0.69804186,0.8741993,-0.35816827,1.221499,-0.77566695,1.4482391
0.43962768,1.4195284,-0.6286019,-0.09654728,-0.38518167,-1.5911155
-0.60972244,-1.0792518,-0.47935632,-0.37327665,0.71987116,4.1519046
0.5176737,1.2383507,0.11245564,0.42696536,0.82199615,0.47423494
0.37033966,-2.1067085,0.34044734,2.9729533,0.93385756,4.150235
3.1840632,-2.6754568,0.03889451,0.42995697,-0.55719227,1.4286356
-0.7916889,-0.62236,-0.17456767,-0.47050267,0.8038812,2.2160113
0.13361557,-0.3614092,0.7042181,-0.042879924,-1.9643315,-0.6543321
-0.9254325,0.055873077,0.25289884,0.17451361,-0.88993263,-0.48009738
-0.22857226,-0.5746306,-0.7068981,2.0034413,0.57579684,-1.2492279
0.3022427,0.80147487,1.1251029,1.4574206,-0.33772722,0.6522472
-0.2655936,1.1708275,2.2305176,1.4695877,-0.620287,2.5817487
0.8745681,0.56925356,1.017162,0.42288515,-0.2820629,-0.41703767
-1.0975823,-1.5649174,0.5055518,-0.21526706,0.4194897,0.28959444
0.111514784,0.6759441,1.7206266,-0.056536887,-0.44950712,1.9396865
-0.97215104,-1.3357561,0.5330143,-2.2148228,0.23670702,3.7442353
-0.5312425,0.90442455,-0.41537622,0.7109213,-1.8677219,0.6742387
-0.79183406,-0.77706033,-0.41072997,-0.7461913,-0.15589394,-0.18450731
-0.21584763,0.5239762,1.6917148,-0.7279112,-1.586523,-0.64012873
-0.27522928,0.18281855,-0.100636005,-0.20358658,-0.8044972,0.94047946
2.0628195,0.7749878,1.4664836,1.4399378,0.59762084,0.14568792
-0.4950239,0.9092791,0.8852463,0.18460634,-2.964744,-1.910513
1.2196873,-0.9010488,0.6644715,0.13247065,0.357405,0.15716776
-0.47769144,-0.5181535,-0.04644699,3.7831588,0.08122941,0.043644905
-0.16235103,-2.5722926,0.3568097,0.14322223,-2.109644,1.8227963
-0.7713503,1.0032827,1.1438142,3.9933357,0.11870687,0.031407982
0.15011047,0.9582678,-0.60671884,0.08761083,-0.08073966,-0.059998512
0.6845898,0.63591707,-0.32103083,-0.39936626,-0.70307916,-0.7461913
-0.08485827,0.3708566,0.84214693,-0.93311906,-0.18282025,1.1240066
0.027611038,0.77898645,-0.25105554,1.8649446,-0.8400406,-1.3130816
0.6026344,-0.91722775,0.4196229,1.8781047,0.017333312,-0.7147246
0.512691,-1.7471743,2.024567,1.4343883,0.2528698,-0.070905894
0.4346937,0.082966305,-0.7825074,1.4391745,0.55541044,2.10685
4.233805,-0.66131425,-0.16698445,-0.6017055,0.13285059,0.48128542
0.38284573,-1.2956842,0.9609555,1.905787,-1.6245092,1.3742182
-0.23730808,-0.5115572,0.7680991,-0.58685327,0.100924574,-0.5986861
-1.467852,-1.8097609,-0.50300753,-0.9562264,1.1198598,-0.099285334
-1.5063264,0.2844754,-0.68486816,1.8145617,-0.8606704,-0.3805157
-0.8911962,0.4729274,0.01075029,0.10571809,-1.6081953,1.1600294
0.40047744,-0.8823477,-0.70742995,-1.162353,-0.36837685,0.62575287
-0.015470377,0.58174086,-0.7917743,-0.1113483,0.7914729,-0.12707224
0.124293216,1.0038397,0.4991246,-0.23112334,1.8814642,0.07577539
-0.5054784,-0.87101555,1.6784881,-0.5020237,-0.7629748,0.010930009
-0.027418084,0.7524725,-0.7876574,1.7340671,-0.30140555,-0.7013716
-0.11247764,-1.0166463,0.3826135,-0.6751187,-0.16580796,-1.7233267
-0.37569112,0.72744757,-1.0361396,-0.09268566,-1.158564,-0.12476748
0.27139583,-0.30660376,-1.1749325,0.5193488,-1.198763,0.68429184
0.32642582,-0.24615318,-0.6982604,-0.059868313,0.21898696,1.4139737
1.8449706,0.61349267,-0.9178301,0.041144203,-3.1801598,0.2974799
-0.92820644,0.7805164,-0.27807066,-0.53081155,0.7645679,0.07871622
0.4703439,1.1966866,0.9975909,-2.0022485,0.39842883,-0.32673916
-0.15632424,1.1011088,-0.5127218,0.102505766,-1.2492313,1.4695877
0.0074449056,-0.15335311,-0.14232363,3.2217429,-1.909731,-0.47544944
-1.1762131,-0.12506929,-0.6833792,-0.1360294,0.85524553,1.2340084
-0.32661664,1.4880233,0.95410395,-0.84003466,-0.37569112,-0.03259366
0.36596835,-0.51024073,0.16999155,-0.33395526,0.6757891,1.8666718
-0.04110749,0.6358088,-0.8199454,1.9995787,0.60107106,-0.54409623
-0.5374808,-0.0038016404,1.081323,-0.48009738,0.26694426,0.26723924
0.25162587,-0.49089974,-0.3450509,0.83164376,-1.6422199,-0.084421135
-0.41900134,-0.02281966,-0.730376,-0.08358059,-0.6895221,-1.0660849
-0.22679983,-0.52829975,-0.4627726,-0.28366116,-0.47518647,1.8237859
-0.11857763,-0.11690551,-0.17636316,-0.68004435,0.2546747,2.0739758
0.41468212,-0.85099286,1.1562741,-1.5911155,0.059210908,3.4226122
-2.3273544,-1.0546806,0.75487334,0.102633834,0.24507229,-1.121599
-0.7021639,0.5450491,0.16511427,-0.47092786,0.08699014,0.12529299
0.24696939,-0.47517964,0.05355039,-0.7012077,-0.70590174,-0.4096807
1.320378,1.0716711,-0.12506929,0.07871622,-0.69326586,-0.21526706
0.83395237,1.017162,1.0503037,0.05137924,-0.687549,0.076505795
-1.368471,0.83489156,0.054364886,-0.5140093,-0.27981833,0.08761083
0.6596699,0.18594676,-1.6063887,0.28862798,0.66317034,2.159943
-1.0024122,-0.20054117,-0.3614092,0.06298288,-0.38977838,-0.5140093
-1.5946305,0.46210495,-0.9745732,0.06353185,0.6640924,2.6689146
0.0071213255,-2.953511,-0.67339003,-0.45740408,-0.4133596,0.043887377
